dataset,strategy,scope,metric,value
WikiTopics,baseline,all_questions,reciprocal_rank,0.060544300017109
WikiTopics,baseline,all_questions,answer_reach_10,0.12344637209213755
WikiTopics,baseline,all_questions,answer_reach_5,0.0766387220930285
WikiTopics,baseline,oracle_reachable_only,reciprocal_rank,0.17639408063748696
WikiTopics,baseline,oracle_reachable_only,answer_reach_10,0.3596540870004782
WikiTopics,baseline,oracle_reachable_only,answer_reach_5,0.22253105916232024
WikiTopics,random_mask,all_questions,reciprocal_rank,0.060769954475997735
WikiTopics,random_mask,all_questions,answer_reach_10,0.12396661997981116
WikiTopics,random_mask,all_questions,answer_reach_5,0.07706951678164722
WikiTopics,random_mask,oracle_reachable_only,reciprocal_rank,0.17709478071641135
WikiTopics,random_mask,oracle_reachable_only,answer_reach_10,0.3611561250172896
WikiTopics,random_mask,oracle_reachable_only,answer_reach_5,0.223583580596924
WikiTopics,pcn_mask,all_questions,reciprocal_rank,0.06311641911949875
WikiTopics,pcn_mask,all_questions,answer_reach_10,0.1285841054374873
WikiTopics,pcn_mask,all_questions,answer_reach_5,0.0807338084329519
WikiTopics,pcn_mask,oracle_reachable_only,reciprocal_rank,0.18285757890299473
WikiTopics,pcn_mask,oracle_reachable_only,answer_reach_10,0.3706883977965861
WikiTopics,pcn_mask,oracle_reachable_only,answer_reach_5,0.232259782425859
WikiTopics,positive_relabel,all_questions,reciprocal_rank,0.06311862690026922
WikiTopics,positive_relabel,all_questions,answer_reach_10,0.1288077267943336
WikiTopics,positive_relabel,all_questions,answer_reach_5,0.08093109487337813
WikiTopics,positive_relabel,oracle_reachable_only,reciprocal_rank,0.18245817759282154
WikiTopics,positive_relabel,oracle_reachable_only,answer_reach_10,0.36989238559749205
WikiTopics,positive_relabel,oracle_reachable_only,answer_reach_5,0.23228248579678198
MetaQA-3hop-vanilla,baseline,all_questions,reciprocal_rank,0.20862108669464233
MetaQA-3hop-vanilla,baseline,all_questions,answer_reach_10,0.3447667087011341
MetaQA-3hop-vanilla,baseline,all_questions,answer_reach_5,0.2873616365419647
MetaQA-3hop-vanilla,baseline,oracle_reachable_only,reciprocal_rank,0.3724183831264788
MetaQA-3hop-vanilla,baseline,oracle_reachable_only,answer_reach_10,0.6154577288644307
MetaQA-3hop-vanilla,baseline,oracle_reachable_only,answer_reach_5,0.5129814907453732
MetaQA-3hop-vanilla,random_mask,all_questions,reciprocal_rank,0.20657539585922302
MetaQA-3hop-vanilla,random_mask,all_questions,answer_reach_10,0.34399607678296146
MetaQA-3hop-vanilla,random_mask,all_questions,answer_reach_5,0.2845453271682788
MetaQA-3hop-vanilla,random_mask,oracle_reachable_only,reciprocal_rank,0.3687665333284829
MetaQA-3hop-vanilla,random_mask,oracle_reachable_only,answer_reach_10,0.6140820410205092
MetaQA-3hop-vanilla,random_mask,oracle_reachable_only,answer_reach_5,0.5079539769884958
MetaQA-3hop-vanilla,pcn_mask,all_questions,reciprocal_rank,0.2218511064868541
MetaQA-3hop-vanilla,pcn_mask,all_questions,answer_reach_10,0.39558638083228254
MetaQA-3hop-vanilla,pcn_mask,all_questions,answer_reach_5,0.3263836345803559
MetaQA-3hop-vanilla,pcn_mask,oracle_reachable_only,reciprocal_rank,0.39603585467650765
MetaQA-3hop-vanilla,pcn_mask,oracle_reachable_only,answer_reach_10,0.7061780890445224
MetaQA-3hop-vanilla,pcn_mask,oracle_reachable_only,answer_reach_5,0.5826413206603301
MetaQA-3hop-vanilla,positive_relabel,all_questions,reciprocal_rank,0.1939327955311102
MetaQA-3hop-vanilla,positive_relabel,all_questions,answer_reach_10,0.3766568586240712
MetaQA-3hop-vanilla,positive_relabel,all_questions,answer_reach_5,0.2880061650553444
MetaQA-3hop-vanilla,positive_relabel,oracle_reachable_only,reciprocal_rank,0.3461976892710189
MetaQA-3hop-vanilla,positive_relabel,oracle_reachable_only,answer_reach_10,0.6723861930965473
MetaQA-3hop-vanilla,positive_relabel,oracle_reachable_only,answer_reach_5,0.5141320660330146
pathquestion,baseline,all_questions,reciprocal_rank,0.4291740808957771
pathquestion,baseline,all_questions,answer_reach_10,0.8109704641350212
pathquestion,baseline,all_questions,answer_reach_5,0.6686357243319272
pathquestion,baseline,oracle_reachable_only,reciprocal_rank,0.4568005561630202
pathquestion,baseline,oracle_reachable_only,answer_reach_10,0.8631736526946108
pathquestion,baseline,oracle_reachable_only,answer_reach_5,0.7116766467065871
pathquestion,random_mask,all_questions,reciprocal_rank,0.4364746661883321
pathquestion,random_mask,all_questions,answer_reach_10,0.8140646976090015
pathquestion,random_mask,all_questions,answer_reach_5,0.6812939521800285
pathquestion,random_mask,oracle_reachable_only,reciprocal_rank,0.4645710893112337
pathquestion,random_mask,oracle_reachable_only,answer_reach_10,0.8664670658682636
pathquestion,random_mask,oracle_reachable_only,answer_reach_5,0.7251497005988029
pathquestion,pcn_mask,all_questions,reciprocal_rank,0.45096548932358027
pathquestion,pcn_mask,all_questions,answer_reach_10,0.8171589310829815
pathquestion,pcn_mask,all_questions,answer_reach_5,0.6894514767932489
pathquestion,pcn_mask,oracle_reachable_only,reciprocal_rank,0.479994704953691
pathquestion,pcn_mask,oracle_reachable_only,answer_reach_10,0.869760479041916
pathquestion,pcn_mask,oracle_reachable_only,answer_reach_5,0.7338323353293413
pathquestion,positive_relabel,all_questions,reciprocal_rank,0.44801682718307345
pathquestion,positive_relabel,all_questions,answer_reach_10,0.8168776371308017
pathquestion,positive_relabel,all_questions,answer_reach_5,0.6849507735583683
pathquestion,positive_relabel,oracle_reachable_only,reciprocal_rank,0.4768562337233012
pathquestion,positive_relabel,oracle_reachable_only,answer_reach_10,0.8694610778443115
pathquestion,positive_relabel,oracle_reachable_only,answer_reach_5,0.7290419161676644
pathquestion,all_shortest,all_questions,reciprocal_rank,0.4671355590361701
pathquestion,all_shortest,all_questions,answer_reach_10,0.821378340365682
pathquestion,all_shortest,all_questions,answer_reach_5,0.6984528832630099
pathquestion,all_shortest,oracle_reachable_only,reciprocal_rank,0.4972056623873008
pathquestion,all_shortest,oracle_reachable_only,answer_reach_10,0.8742514970059878
pathquestion,all_shortest,oracle_reachable_only,answer_reach_5,0.7434131736526948
kqapro,baseline,all_questions,reciprocal_rank,0.19980881521503976
kqapro,baseline,all_questions,answer_reach_10,0.4162393162393162
kqapro,baseline,all_questions,answer_reach_5,0.27905982905982907
kqapro,baseline,oracle_reachable_only,reciprocal_rank,0.24162926491121087
kqapro,baseline,oracle_reachable_only,answer_reach_10,0.5033591731266149
kqapro,baseline,oracle_reachable_only,answer_reach_5,0.3374677002583979
kqapro,random_mask,all_questions,reciprocal_rank,0.20371953216941333
kqapro,random_mask,all_questions,answer_reach_10,0.41367521367521337
kqapro,random_mask,all_questions,answer_reach_5,0.2811965811965813
kqapro,random_mask,oracle_reachable_only,reciprocal_rank,0.24635850401882542
kqapro,random_mask,oracle_reachable_only,answer_reach_10,0.5002583979328161
kqapro,random_mask,oracle_reachable_only,answer_reach_5,0.34005167958656346
kqapro,pcn_mask,all_questions,reciprocal_rank,0.2111283856051586
kqapro,pcn_mask,all_questions,answer_reach_10,0.4311965811965812
kqapro,pcn_mask,all_questions,answer_reach_5,0.2880341880341881
kqapro,pcn_mask,oracle_reachable_only,reciprocal_rank,0.25531804770856387
kqapro,pcn_mask,oracle_reachable_only,answer_reach_10,0.5214470284237727
kqapro,pcn_mask,oracle_reachable_only,answer_reach_5,0.3483204134366926
kqapro,positive_relabel,all_questions,reciprocal_rank,0.21336014689284324
kqapro,positive_relabel,all_questions,answer_reach_10,0.4294871794871797
kqapro,positive_relabel,all_questions,answer_reach_5,0.2927350427350428
kqapro,positive_relabel,oracle_reachable_only,reciprocal_rank,0.25801692182390346
kqapro,positive_relabel,oracle_reachable_only,answer_reach_10,0.5193798449612406
kqapro,positive_relabel,oracle_reachable_only,answer_reach_5,0.3540051679586564
kqapro,all_shortest,all_questions,reciprocal_rank,0.31779064053760225
kqapro,all_shortest,all_questions,answer_reach_10,0.6072649572649571
kqapro,all_shortest,all_questions,answer_reach_5,0.45256410256410257
kqapro,all_shortest,oracle_reachable_only,reciprocal_rank,0.38430496065012365
kqapro,all_shortest,oracle_reachable_only,answer_reach_10,0.7343669250645993
kqapro,all_shortest,oracle_reachable_only,answer_reach_5,0.5472868217054264
