dataset,domain,seed,pcn_per_question,question_count
WikiTopics,art,42,0,7701
WikiTopics,art,42,1,1278
WikiTopics,art,42,2,367
WikiTopics,art,42,3,182
WikiTopics,art,42,4,91
WikiTopics,art,42,5,76
WikiTopics,art,42,6,46
WikiTopics,art,42,7,26
WikiTopics,art,42,8,12
WikiTopics,art,42,9,11
WikiTopics,art,42,10,18
WikiTopics,art,42,11,12
WikiTopics,art,42,12,6
WikiTopics,art,42,13,5
WikiTopics,art,42,14,6
WikiTopics,art,42,15,12
WikiTopics,art,42,16,10
WikiTopics,art,42,17,5
WikiTopics,art,42,18,7
WikiTopics,art,42,19,5
WikiTopics,art,42,20,1
WikiTopics,art,42,21,4
WikiTopics,art,42,22,2
WikiTopics,art,42,23,1
WikiTopics,art,42,24,2
WikiTopics,art,42,26,1
WikiTopics,art,43,0,7766
WikiTopics,art,43,1,1221
WikiTopics,art,43,2,346
WikiTopics,art,43,3,193
WikiTopics,art,43,4,104
WikiTopics,art,43,5,67
WikiTopics,art,43,6,50
WikiTopics,art,43,7,28
WikiTopics,art,43,8,23
WikiTopics,art,43,9,12
WikiTopics,art,43,10,6
WikiTopics,art,43,11,6
WikiTopics,art,43,12,6
WikiTopics,art,43,13,8
WikiTopics,art,43,14,10
WikiTopics,art,43,15,10
WikiTopics,art,43,16,8
WikiTopics,art,43,17,6
WikiTopics,art,43,18,6
WikiTopics,art,43,19,7
WikiTopics,art,43,20,1
WikiTopics,art,43,21,1
WikiTopics,art,43,22,1
WikiTopics,art,43,23,1
WikiTopics,art,44,0,7747
WikiTopics,art,44,1,1210
WikiTopics,art,44,2,381
WikiTopics,art,44,3,187
WikiTopics,art,44,4,104
WikiTopics,art,44,5,61
WikiTopics,art,44,6,42
WikiTopics,art,44,7,30
WikiTopics,art,44,8,13
WikiTopics,art,44,9,21
WikiTopics,art,44,10,13
WikiTopics,art,44,11,8
WikiTopics,art,44,12,5
WikiTopics,art,44,13,17
WikiTopics,art,44,14,13
WikiTopics,art,44,15,7
WikiTopics,art,44,16,4
WikiTopics,art,44,17,7
WikiTopics,art,44,18,4
WikiTopics,art,44,19,2
WikiTopics,art,44,20,3
WikiTopics,art,44,22,2
WikiTopics,art,44,23,3
WikiTopics,art,44,24,2
WikiTopics,art,44,25,1
WikiTopics,art,45,0,7729
WikiTopics,art,45,1,1260
WikiTopics,art,45,2,362
WikiTopics,art,45,3,183
WikiTopics,art,45,4,91
WikiTopics,art,45,5,61
WikiTopics,art,45,6,53
WikiTopics,art,45,7,26
WikiTopics,art,45,8,17
WikiTopics,art,45,9,18
WikiTopics,art,45,10,9
WikiTopics,art,45,11,5
WikiTopics,art,45,12,10
WikiTopics,art,45,13,8
WikiTopics,art,45,14,17
WikiTopics,art,45,15,7
WikiTopics,art,45,16,5
WikiTopics,art,45,17,5
WikiTopics,art,45,18,2
WikiTopics,art,45,19,6
WikiTopics,art,45,20,3
WikiTopics,art,45,21,3
WikiTopics,art,45,22,2
WikiTopics,art,45,23,3
WikiTopics,art,45,24,2
WikiTopics,art,46,0,7768
WikiTopics,art,46,1,1190
WikiTopics,art,46,2,427
WikiTopics,art,46,3,141
WikiTopics,art,46,4,95
WikiTopics,art,46,5,65
WikiTopics,art,46,6,41
WikiTopics,art,46,7,36
WikiTopics,art,46,8,19
WikiTopics,art,46,9,14
WikiTopics,art,46,10,16
WikiTopics,art,46,11,9
WikiTopics,art,46,12,8
WikiTopics,art,46,13,11
WikiTopics,art,46,14,7
WikiTopics,art,46,15,10
WikiTopics,art,46,16,9
WikiTopics,art,46,17,6
WikiTopics,art,46,18,4
WikiTopics,art,46,19,4
WikiTopics,art,46,20,4
WikiTopics,art,46,21,1
WikiTopics,art,46,22,1
WikiTopics,art,46,25,1
WikiTopics,award,42,0,3645
WikiTopics,award,42,1,1927
WikiTopics,award,42,2,1301
WikiTopics,award,42,3,891
WikiTopics,award,42,4,604
WikiTopics,award,42,5,425
WikiTopics,award,42,6,284
WikiTopics,award,42,7,216
WikiTopics,award,42,8,147
WikiTopics,award,42,9,101
WikiTopics,award,42,10,84
WikiTopics,award,42,11,61
WikiTopics,award,42,12,42
WikiTopics,award,42,13,26
WikiTopics,award,42,14,22
WikiTopics,award,42,15,20
WikiTopics,award,42,16,7
WikiTopics,award,42,17,6
WikiTopics,award,42,18,5
WikiTopics,award,42,19,4
WikiTopics,award,42,20,1
WikiTopics,award,42,21,1
WikiTopics,award,42,23,2
WikiTopics,award,42,24,1
WikiTopics,award,42,25,1
WikiTopics,award,42,26,1
WikiTopics,award,42,27,1
WikiTopics,award,42,29,1
WikiTopics,award,42,33,1
WikiTopics,award,42,45,1
WikiTopics,award,42,46,1
WikiTopics,award,43,0,3633
WikiTopics,award,43,1,2008
WikiTopics,award,43,2,1246
WikiTopics,award,43,3,906
WikiTopics,award,43,4,554
WikiTopics,award,43,5,405
WikiTopics,award,43,6,319
WikiTopics,award,43,7,197
WikiTopics,award,43,8,162
WikiTopics,award,43,9,118
WikiTopics,award,43,10,87
WikiTopics,award,43,11,70
WikiTopics,award,43,12,43
WikiTopics,award,43,13,23
WikiTopics,award,43,14,11
WikiTopics,award,43,15,17
WikiTopics,award,43,16,5
WikiTopics,award,43,17,3
WikiTopics,award,43,18,7
WikiTopics,award,43,19,4
WikiTopics,award,43,20,2
WikiTopics,award,43,24,2
WikiTopics,award,43,25,2
WikiTopics,award,43,26,1
WikiTopics,award,43,27,1
WikiTopics,award,43,29,1
WikiTopics,award,43,35,1
WikiTopics,award,43,38,1
WikiTopics,award,43,39,1
WikiTopics,award,44,0,3637
WikiTopics,award,44,1,1951
WikiTopics,award,44,2,1294
WikiTopics,award,44,3,839
WikiTopics,award,44,4,616
WikiTopics,award,44,5,419
WikiTopics,award,44,6,326
WikiTopics,award,44,7,226
WikiTopics,award,44,8,149
WikiTopics,award,44,9,111
WikiTopics,award,44,10,87
WikiTopics,award,44,11,43
WikiTopics,award,44,12,41
WikiTopics,award,44,13,25
WikiTopics,award,44,14,15
WikiTopics,award,44,15,15
WikiTopics,award,44,16,7
WikiTopics,award,44,17,11
WikiTopics,award,44,18,3
WikiTopics,award,44,19,3
WikiTopics,award,44,20,2
WikiTopics,award,44,23,2
WikiTopics,award,44,25,3
WikiTopics,award,44,26,1
WikiTopics,award,44,29,1
WikiTopics,award,44,35,1
WikiTopics,award,44,41,2
WikiTopics,award,45,0,3628
WikiTopics,award,45,1,1991
WikiTopics,award,45,2,1235
WikiTopics,award,45,3,857
WikiTopics,award,45,4,597
WikiTopics,award,45,5,433
WikiTopics,award,45,6,336
WikiTopics,award,45,7,235
WikiTopics,award,45,8,154
WikiTopics,award,45,9,123
WikiTopics,award,45,10,75
WikiTopics,award,45,11,45
WikiTopics,award,45,12,39
WikiTopics,award,45,13,22
WikiTopics,award,45,14,13
WikiTopics,award,45,15,9
WikiTopics,award,45,16,7
WikiTopics,award,45,17,3
WikiTopics,award,45,18,6
WikiTopics,award,45,19,6
WikiTopics,award,45,20,6
WikiTopics,award,45,21,2
WikiTopics,award,45,22,2
WikiTopics,award,45,26,1
WikiTopics,award,45,28,1
WikiTopics,award,45,30,1
WikiTopics,award,45,37,1
WikiTopics,award,45,39,1
WikiTopics,award,45,42,1
WikiTopics,award,46,0,3615
WikiTopics,award,46,1,2022
WikiTopics,award,46,2,1235
WikiTopics,award,46,3,876
WikiTopics,award,46,4,605
WikiTopics,award,46,5,437
WikiTopics,award,46,6,296
WikiTopics,award,46,7,212
WikiTopics,award,46,8,147
WikiTopics,award,46,9,116
WikiTopics,award,46,10,87
WikiTopics,award,46,11,54
WikiTopics,award,46,12,32
WikiTopics,award,46,13,28
WikiTopics,award,46,14,18
WikiTopics,award,46,15,12
WikiTopics,award,46,16,13
WikiTopics,award,46,17,6
WikiTopics,award,46,18,5
WikiTopics,award,46,19,1
WikiTopics,award,46,20,2
WikiTopics,award,46,21,1
WikiTopics,award,46,23,2
WikiTopics,award,46,24,1
WikiTopics,award,46,25,1
WikiTopics,award,46,26,1
WikiTopics,award,46,27,2
WikiTopics,award,46,37,1
WikiTopics,award,46,44,1
WikiTopics,award,46,45,1
WikiTopics,edu,42,0,5920
WikiTopics,edu,42,1,1877
WikiTopics,edu,42,2,773
WikiTopics,edu,42,3,430
WikiTopics,edu,42,4,238
WikiTopics,edu,42,5,147
WikiTopics,edu,42,6,122
WikiTopics,edu,42,7,76
WikiTopics,edu,42,8,43
WikiTopics,edu,42,9,46
WikiTopics,edu,42,10,33
WikiTopics,edu,42,11,17
WikiTopics,edu,42,12,11
WikiTopics,edu,42,13,17
WikiTopics,edu,42,14,4
WikiTopics,edu,42,15,8
WikiTopics,edu,42,16,6
WikiTopics,edu,42,17,2
WikiTopics,edu,42,18,3
WikiTopics,edu,42,19,3
WikiTopics,edu,42,20,3
WikiTopics,edu,42,21,1
WikiTopics,edu,42,23,2
WikiTopics,edu,42,25,1
WikiTopics,edu,42,26,1
WikiTopics,edu,42,29,1
WikiTopics,edu,43,0,5879
WikiTopics,edu,43,1,1908
WikiTopics,edu,43,2,790
WikiTopics,edu,43,3,416
WikiTopics,edu,43,4,234
WikiTopics,edu,43,5,164
WikiTopics,edu,43,6,100
WikiTopics,edu,43,7,83
WikiTopics,edu,43,8,53
WikiTopics,edu,43,9,43
WikiTopics,edu,43,10,32
WikiTopics,edu,43,11,18
WikiTopics,edu,43,12,13
WikiTopics,edu,43,13,10
WikiTopics,edu,43,14,14
WikiTopics,edu,43,15,7
WikiTopics,edu,43,16,4
WikiTopics,edu,43,17,2
WikiTopics,edu,43,18,4
WikiTopics,edu,43,19,2
WikiTopics,edu,43,20,2
WikiTopics,edu,43,21,2
WikiTopics,edu,43,22,1
WikiTopics,edu,43,24,1
WikiTopics,edu,43,25,1
WikiTopics,edu,43,27,1
WikiTopics,edu,43,30,1
WikiTopics,edu,44,0,5879
WikiTopics,edu,44,1,1872
WikiTopics,edu,44,2,815
WikiTopics,edu,44,3,425
WikiTopics,edu,44,4,252
WikiTopics,edu,44,5,149
WikiTopics,edu,44,6,117
WikiTopics,edu,44,7,72
WikiTopics,edu,44,8,51
WikiTopics,edu,44,9,35
WikiTopics,edu,44,10,29
WikiTopics,edu,44,11,22
WikiTopics,edu,44,12,14
WikiTopics,edu,44,13,15
WikiTopics,edu,44,14,9
WikiTopics,edu,44,15,10
WikiTopics,edu,44,16,2
WikiTopics,edu,44,17,3
WikiTopics,edu,44,18,4
WikiTopics,edu,44,19,2
WikiTopics,edu,44,20,1
WikiTopics,edu,44,21,1
WikiTopics,edu,44,25,2
WikiTopics,edu,44,27,2
WikiTopics,edu,44,29,1
WikiTopics,edu,44,31,1
WikiTopics,edu,45,0,5857
WikiTopics,edu,45,1,1969
WikiTopics,edu,45,2,735
WikiTopics,edu,45,3,413
WikiTopics,edu,45,4,229
WikiTopics,edu,45,5,186
WikiTopics,edu,45,6,106
WikiTopics,edu,45,7,82
WikiTopics,edu,45,8,58
WikiTopics,edu,45,9,37
WikiTopics,edu,45,10,24
WikiTopics,edu,45,11,18
WikiTopics,edu,45,12,17
WikiTopics,edu,45,13,18
WikiTopics,edu,45,14,6
WikiTopics,edu,45,15,11
WikiTopics,edu,45,16,2
WikiTopics,edu,45,17,3
WikiTopics,edu,45,18,1
WikiTopics,edu,45,20,4
WikiTopics,edu,45,21,2
WikiTopics,edu,45,22,3
WikiTopics,edu,45,23,2
WikiTopics,edu,45,25,1
WikiTopics,edu,45,27,1
WikiTopics,edu,46,0,5946
WikiTopics,edu,46,1,1832
WikiTopics,edu,46,2,777
WikiTopics,edu,46,3,432
WikiTopics,edu,46,4,254
WikiTopics,edu,46,5,153
WikiTopics,edu,46,6,103
WikiTopics,edu,46,7,77
WikiTopics,edu,46,8,47
WikiTopics,edu,46,9,39
WikiTopics,edu,46,10,23
WikiTopics,edu,46,11,31
WikiTopics,edu,46,12,24
WikiTopics,edu,46,13,10
WikiTopics,edu,46,14,15
WikiTopics,edu,46,15,3
WikiTopics,edu,46,16,1
WikiTopics,edu,46,17,2
WikiTopics,edu,46,18,3
WikiTopics,edu,46,19,2
WikiTopics,edu,46,20,2
WikiTopics,edu,46,21,3
WikiTopics,edu,46,23,1
WikiTopics,edu,46,24,2
WikiTopics,edu,46,25,2
WikiTopics,edu,46,27,1
WikiTopics,health,42,0,5660
WikiTopics,health,42,1,1776
WikiTopics,health,42,2,850
WikiTopics,health,42,3,491
WikiTopics,health,42,4,345
WikiTopics,health,42,5,237
WikiTopics,health,42,6,164
WikiTopics,health,42,7,103
WikiTopics,health,42,8,94
WikiTopics,health,42,9,37
WikiTopics,health,42,10,46
WikiTopics,health,42,11,34
WikiTopics,health,42,12,21
WikiTopics,health,42,13,11
WikiTopics,health,42,14,8
WikiTopics,health,42,15,13
WikiTopics,health,42,16,7
WikiTopics,health,42,17,3
WikiTopics,health,42,18,4
WikiTopics,health,42,19,6
WikiTopics,health,42,20,4
WikiTopics,health,42,22,1
WikiTopics,health,42,23,3
WikiTopics,health,42,26,1
WikiTopics,health,42,30,1
WikiTopics,health,43,0,5699
WikiTopics,health,43,1,1744
WikiTopics,health,43,2,853
WikiTopics,health,43,3,475
WikiTopics,health,43,4,323
WikiTopics,health,43,5,251
WikiTopics,health,43,6,172
WikiTopics,health,43,7,113
WikiTopics,health,43,8,79
WikiTopics,health,43,9,52
WikiTopics,health,43,10,40
WikiTopics,health,43,11,25
WikiTopics,health,43,12,27
WikiTopics,health,43,13,15
WikiTopics,health,43,14,8
WikiTopics,health,43,15,8
WikiTopics,health,43,16,9
WikiTopics,health,43,17,7
WikiTopics,health,43,18,7
WikiTopics,health,43,19,2
WikiTopics,health,43,20,4
WikiTopics,health,43,21,2
WikiTopics,health,43,22,1
WikiTopics,health,43,23,2
WikiTopics,health,43,25,1
WikiTopics,health,43,27,1
WikiTopics,health,44,0,5676
WikiTopics,health,44,1,1795
WikiTopics,health,44,2,826
WikiTopics,health,44,3,471
WikiTopics,health,44,4,325
WikiTopics,health,44,5,248
WikiTopics,health,44,6,163
WikiTopics,health,44,7,116
WikiTopics,health,44,8,86
WikiTopics,health,44,9,63
WikiTopics,health,44,10,44
WikiTopics,health,44,11,20
WikiTopics,health,44,12,25
WikiTopics,health,44,13,17
WikiTopics,health,44,14,6
WikiTopics,health,44,15,7
WikiTopics,health,44,16,2
WikiTopics,health,44,17,8
WikiTopics,health,44,18,4
WikiTopics,health,44,19,3
WikiTopics,health,44,20,3
WikiTopics,health,44,21,3
WikiTopics,health,44,22,3
WikiTopics,health,44,23,1
WikiTopics,health,44,24,1
WikiTopics,health,44,25,2
WikiTopics,health,44,27,1
WikiTopics,health,44,30,1
WikiTopics,health,45,0,5764
WikiTopics,health,45,1,1675
WikiTopics,health,45,2,804
WikiTopics,health,45,3,532
WikiTopics,health,45,4,340
WikiTopics,health,45,5,233
WikiTopics,health,45,6,151
WikiTopics,health,45,7,112
WikiTopics,health,45,8,99
WikiTopics,health,45,9,60
WikiTopics,health,45,10,43
WikiTopics,health,45,11,29
WikiTopics,health,45,12,16
WikiTopics,health,45,13,11
WikiTopics,health,45,14,6
WikiTopics,health,45,15,11
WikiTopics,health,45,16,2
WikiTopics,health,45,17,7
WikiTopics,health,45,18,6
WikiTopics,health,45,19,6
WikiTopics,health,45,20,3
WikiTopics,health,45,21,4
WikiTopics,health,45,23,3
WikiTopics,health,45,25,1
WikiTopics,health,45,30,1
WikiTopics,health,45,34,1
WikiTopics,health,46,0,5727
WikiTopics,health,46,1,1743
WikiTopics,health,46,2,829
WikiTopics,health,46,3,485
WikiTopics,health,46,4,355
WikiTopics,health,46,5,228
WikiTopics,health,46,6,149
WikiTopics,health,46,7,113
WikiTopics,health,46,8,84
WikiTopics,health,46,9,54
WikiTopics,health,46,10,36
WikiTopics,health,46,11,25
WikiTopics,health,46,12,18
WikiTopics,health,46,13,18
WikiTopics,health,46,14,11
WikiTopics,health,46,15,9
WikiTopics,health,46,16,2
WikiTopics,health,46,17,5
WikiTopics,health,46,18,7
WikiTopics,health,46,19,2
WikiTopics,health,46,20,5
WikiTopics,health,46,21,5
WikiTopics,health,46,22,4
WikiTopics,health,46,23,1
WikiTopics,health,46,24,1
WikiTopics,health,46,26,2
WikiTopics,health,46,27,2
WikiTopics,infra,42,0,5889
WikiTopics,infra,42,1,2042
WikiTopics,infra,42,2,818
WikiTopics,infra,42,3,431
WikiTopics,infra,42,4,259
WikiTopics,infra,42,5,149
WikiTopics,infra,42,6,106
WikiTopics,infra,42,7,58
WikiTopics,infra,42,8,48
WikiTopics,infra,42,9,35
WikiTopics,infra,42,10,25
WikiTopics,infra,42,11,13
WikiTopics,infra,42,12,14
WikiTopics,infra,42,13,13
WikiTopics,infra,42,14,4
WikiTopics,infra,42,15,7
WikiTopics,infra,42,16,5
WikiTopics,infra,42,17,5
WikiTopics,infra,42,19,2
WikiTopics,infra,42,20,5
WikiTopics,infra,42,21,1
WikiTopics,infra,42,22,2
WikiTopics,infra,42,33,1
WikiTopics,infra,42,35,1
WikiTopics,infra,43,0,5880
WikiTopics,infra,43,1,2065
WikiTopics,infra,43,2,824
WikiTopics,infra,43,3,425
WikiTopics,infra,43,4,229
WikiTopics,infra,43,5,147
WikiTopics,infra,43,6,111
WikiTopics,infra,43,7,70
WikiTopics,infra,43,8,50
WikiTopics,infra,43,9,35
WikiTopics,infra,43,10,30
WikiTopics,infra,43,11,18
WikiTopics,infra,43,12,10
WikiTopics,infra,43,13,12
WikiTopics,infra,43,14,2
WikiTopics,infra,43,15,8
WikiTopics,infra,43,16,7
WikiTopics,infra,43,19,1
WikiTopics,infra,43,21,2
WikiTopics,infra,43,22,1
WikiTopics,infra,43,23,1
WikiTopics,infra,43,24,2
WikiTopics,infra,43,26,1
WikiTopics,infra,43,27,1
WikiTopics,infra,43,32,1
WikiTopics,infra,44,0,5937
WikiTopics,infra,44,1,2038
WikiTopics,infra,44,2,792
WikiTopics,infra,44,3,438
WikiTopics,infra,44,4,227
WikiTopics,infra,44,5,150
WikiTopics,infra,44,6,106
WikiTopics,infra,44,7,68
WikiTopics,infra,44,8,44
WikiTopics,infra,44,9,40
WikiTopics,infra,44,10,19
WikiTopics,infra,44,11,14
WikiTopics,infra,44,12,16
WikiTopics,infra,44,13,9
WikiTopics,infra,44,14,6
WikiTopics,infra,44,15,4
WikiTopics,infra,44,16,5
WikiTopics,infra,44,17,6
WikiTopics,infra,44,18,4
WikiTopics,infra,44,19,1
WikiTopics,infra,44,20,2
WikiTopics,infra,44,21,2
WikiTopics,infra,44,22,1
WikiTopics,infra,44,23,1
WikiTopics,infra,44,26,1
WikiTopics,infra,44,27,1
WikiTopics,infra,44,29,1
WikiTopics,infra,45,0,5908
WikiTopics,infra,45,1,2053
WikiTopics,infra,45,2,845
WikiTopics,infra,45,3,388
WikiTopics,infra,45,4,246
WikiTopics,infra,45,5,153
WikiTopics,infra,45,6,85
WikiTopics,infra,45,7,73
WikiTopics,infra,45,8,45
WikiTopics,infra,45,9,36
WikiTopics,infra,45,10,23
WikiTopics,infra,45,11,17
WikiTopics,infra,45,12,14
WikiTopics,infra,45,13,7
WikiTopics,infra,45,14,9
WikiTopics,infra,45,15,11
WikiTopics,infra,45,16,4
WikiTopics,infra,45,17,2
WikiTopics,infra,45,18,2
WikiTopics,infra,45,19,2
WikiTopics,infra,45,20,3
WikiTopics,infra,45,21,1
WikiTopics,infra,45,23,1
WikiTopics,infra,45,24,1
WikiTopics,infra,45,25,2
WikiTopics,infra,45,27,2
WikiTopics,infra,46,0,5878
WikiTopics,infra,46,1,2039
WikiTopics,infra,46,2,839
WikiTopics,infra,46,3,427
WikiTopics,infra,46,4,237
WikiTopics,infra,46,5,154
WikiTopics,infra,46,6,113
WikiTopics,infra,46,7,59
WikiTopics,infra,46,8,53
WikiTopics,infra,46,9,34
WikiTopics,infra,46,10,29
WikiTopics,infra,46,11,16
WikiTopics,infra,46,12,16
WikiTopics,infra,46,13,9
WikiTopics,infra,46,14,7
WikiTopics,infra,46,15,3
WikiTopics,infra,46,16,6
WikiTopics,infra,46,17,2
WikiTopics,infra,46,18,4
WikiTopics,infra,46,19,1
WikiTopics,infra,46,21,1
WikiTopics,infra,46,22,1
WikiTopics,infra,46,23,2
WikiTopics,infra,46,26,1
WikiTopics,infra,46,33,1
WikiTopics,infra,46,35,1
WikiTopics,loc,42,0,2613
WikiTopics,loc,42,1,815
WikiTopics,loc,42,2,346
WikiTopics,loc,42,3,125
WikiTopics,loc,42,4,41
WikiTopics,loc,42,5,24
WikiTopics,loc,42,6,15
WikiTopics,loc,42,7,9
WikiTopics,loc,42,8,4
WikiTopics,loc,42,9,1
WikiTopics,loc,42,12,2
WikiTopics,loc,42,14,1
WikiTopics,loc,42,16,1
WikiTopics,loc,43,0,2571
WikiTopics,loc,43,1,845
WikiTopics,loc,43,2,325
WikiTopics,loc,43,3,148
WikiTopics,loc,43,4,56
WikiTopics,loc,43,5,23
WikiTopics,loc,43,6,12
WikiTopics,loc,43,7,10
WikiTopics,loc,43,8,3
WikiTopics,loc,43,9,2
WikiTopics,loc,43,10,1
WikiTopics,loc,43,14,1
WikiTopics,loc,44,0,2602
WikiTopics,loc,44,1,810
WikiTopics,loc,44,2,337
WikiTopics,loc,44,3,145
WikiTopics,loc,44,4,50
WikiTopics,loc,44,5,29
WikiTopics,loc,44,6,14
WikiTopics,loc,44,7,2
WikiTopics,loc,44,8,3
WikiTopics,loc,44,9,1
WikiTopics,loc,44,10,1
WikiTopics,loc,44,11,1
WikiTopics,loc,44,12,1
WikiTopics,loc,44,13,1
WikiTopics,loc,45,0,2627
WikiTopics,loc,45,1,769
WikiTopics,loc,45,2,352
WikiTopics,loc,45,3,146
WikiTopics,loc,45,4,49
WikiTopics,loc,45,5,27
WikiTopics,loc,45,6,15
WikiTopics,loc,45,7,4
WikiTopics,loc,45,8,5
WikiTopics,loc,45,9,1
WikiTopics,loc,45,10,1
WikiTopics,loc,45,12,1
WikiTopics,loc,46,0,2663
WikiTopics,loc,46,1,778
WikiTopics,loc,46,2,320
WikiTopics,loc,46,3,140
WikiTopics,loc,46,4,45
WikiTopics,loc,46,5,22
WikiTopics,loc,46,6,12
WikiTopics,loc,46,7,5
WikiTopics,loc,46,8,7
WikiTopics,loc,46,9,3
WikiTopics,loc,46,14,1
WikiTopics,loc,46,15,1
WikiTopics,org,42,0,1579
WikiTopics,org,42,1,416
WikiTopics,org,42,2,364
WikiTopics,org,42,3,278
WikiTopics,org,42,4,239
WikiTopics,org,42,5,205
WikiTopics,org,42,6,177
WikiTopics,org,42,7,142
WikiTopics,org,42,8,103
WikiTopics,org,42,9,87
WikiTopics,org,42,10,91
WikiTopics,org,42,11,67
WikiTopics,org,42,12,53
WikiTopics,org,42,13,45
WikiTopics,org,42,14,37
WikiTopics,org,42,15,23
WikiTopics,org,42,16,13
WikiTopics,org,42,17,13
WikiTopics,org,42,18,6
WikiTopics,org,42,19,4
WikiTopics,org,42,20,5
WikiTopics,org,42,21,3
WikiTopics,org,42,22,1
WikiTopics,org,42,23,1
WikiTopics,org,43,0,1604
WikiTopics,org,43,1,419
WikiTopics,org,43,2,318
WikiTopics,org,43,3,284
WikiTopics,org,43,4,249
WikiTopics,org,43,5,197
WikiTopics,org,43,6,176
WikiTopics,org,43,7,157
WikiTopics,org,43,8,120
WikiTopics,org,43,9,88
WikiTopics,org,43,10,80
WikiTopics,org,43,11,73
WikiTopics,org,43,12,46
WikiTopics,org,43,13,48
WikiTopics,org,43,14,19
WikiTopics,org,43,15,23
WikiTopics,org,43,16,17
WikiTopics,org,43,17,14
WikiTopics,org,43,18,6
WikiTopics,org,43,19,5
WikiTopics,org,43,21,3
WikiTopics,org,43,22,2
WikiTopics,org,43,23,2
WikiTopics,org,43,24,1
WikiTopics,org,43,25,1
WikiTopics,org,44,0,1568
WikiTopics,org,44,1,413
WikiTopics,org,44,2,356
WikiTopics,org,44,3,283
WikiTopics,org,44,4,242
WikiTopics,org,44,5,211
WikiTopics,org,44,6,173
WikiTopics,org,44,7,130
WikiTopics,org,44,8,117
WikiTopics,org,44,9,111
WikiTopics,org,44,10,91
WikiTopics,org,44,11,70
WikiTopics,org,44,12,56
WikiTopics,org,44,13,42
WikiTopics,org,44,14,29
WikiTopics,org,44,15,13
WikiTopics,org,44,16,17
WikiTopics,org,44,17,14
WikiTopics,org,44,18,4
WikiTopics,org,44,19,4
WikiTopics,org,44,20,2
WikiTopics,org,44,21,2
WikiTopics,org,44,22,1
WikiTopics,org,44,24,3
WikiTopics,org,45,0,1615
WikiTopics,org,45,1,412
WikiTopics,org,45,2,332
WikiTopics,org,45,3,295
WikiTopics,org,45,4,239
WikiTopics,org,45,5,184
WikiTopics,org,45,6,171
WikiTopics,org,45,7,156
WikiTopics,org,45,8,127
WikiTopics,org,45,9,95
WikiTopics,org,45,10,84
WikiTopics,org,45,11,59
WikiTopics,org,45,12,51
WikiTopics,org,45,13,43
WikiTopics,org,45,14,30
WikiTopics,org,45,15,13
WikiTopics,org,45,16,14
WikiTopics,org,45,17,9
WikiTopics,org,45,18,8
WikiTopics,org,45,19,3
WikiTopics,org,45,20,7
WikiTopics,org,45,22,4
WikiTopics,org,45,24,1
WikiTopics,org,46,0,1588
WikiTopics,org,46,1,433
WikiTopics,org,46,2,350
WikiTopics,org,46,3,265
WikiTopics,org,46,4,233
WikiTopics,org,46,5,223
WikiTopics,org,46,6,182
WikiTopics,org,46,7,131
WikiTopics,org,46,8,124
WikiTopics,org,46,9,86
WikiTopics,org,46,10,86
WikiTopics,org,46,11,66
WikiTopics,org,46,12,56
WikiTopics,org,46,13,28
WikiTopics,org,46,14,35
WikiTopics,org,46,15,28
WikiTopics,org,46,16,13
WikiTopics,org,46,17,8
WikiTopics,org,46,18,6
WikiTopics,org,46,19,3
WikiTopics,org,46,20,4
WikiTopics,org,46,21,1
WikiTopics,org,46,22,1
WikiTopics,org,46,23,1
WikiTopics,org,46,25,1
WikiTopics,people,42,0,8298
WikiTopics,people,42,1,1091
WikiTopics,people,42,2,273
WikiTopics,people,42,3,117
WikiTopics,people,42,4,65
WikiTopics,people,42,5,15
WikiTopics,people,42,6,6
WikiTopics,people,42,7,5
WikiTopics,people,42,8,3
WikiTopics,people,42,9,2
WikiTopics,people,43,0,8280
WikiTopics,people,43,1,1096
WikiTopics,people,43,2,275
WikiTopics,people,43,3,121
WikiTopics,people,43,4,58
WikiTopics,people,43,5,23
WikiTopics,people,43,6,15
WikiTopics,people,43,7,2
WikiTopics,people,43,8,3
WikiTopics,people,43,9,1
WikiTopics,people,43,11,1
WikiTopics,people,44,0,8312
WikiTopics,people,44,1,1056
WikiTopics,people,44,2,295
WikiTopics,people,44,3,115
WikiTopics,people,44,4,55
WikiTopics,people,44,5,23
WikiTopics,people,44,6,7
WikiTopics,people,44,7,6
WikiTopics,people,44,9,1
WikiTopics,people,44,10,3
WikiTopics,people,44,11,1
WikiTopics,people,44,14,1
WikiTopics,people,45,0,8283
WikiTopics,people,45,1,1128
WikiTopics,people,45,2,249
WikiTopics,people,45,3,105
WikiTopics,people,45,4,56
WikiTopics,people,45,5,30
WikiTopics,people,45,6,12
WikiTopics,people,45,7,6
WikiTopics,people,45,8,1
WikiTopics,people,45,9,3
WikiTopics,people,45,10,2
WikiTopics,people,46,0,8271
WikiTopics,people,46,1,1116
WikiTopics,people,46,2,271
WikiTopics,people,46,3,104
WikiTopics,people,46,4,64
WikiTopics,people,46,5,24
WikiTopics,people,46,6,10
WikiTopics,people,46,7,9
WikiTopics,people,46,8,4
WikiTopics,people,46,9,1
WikiTopics,people,46,11,1
WikiTopics,sci,42,0,6199
WikiTopics,sci,42,1,1696
WikiTopics,sci,42,2,670
WikiTopics,sci,42,3,296
WikiTopics,sci,42,4,187
WikiTopics,sci,42,5,136
WikiTopics,sci,42,6,74
WikiTopics,sci,42,7,59
WikiTopics,sci,42,8,41
WikiTopics,sci,42,9,31
WikiTopics,sci,42,10,16
WikiTopics,sci,42,11,15
WikiTopics,sci,42,12,13
WikiTopics,sci,42,13,5
WikiTopics,sci,42,14,3
WikiTopics,sci,42,15,5
WikiTopics,sci,42,16,6
WikiTopics,sci,42,17,4
WikiTopics,sci,42,18,4
WikiTopics,sci,42,19,5
WikiTopics,sci,42,20,1
WikiTopics,sci,42,21,3
WikiTopics,sci,42,22,1
WikiTopics,sci,42,23,3
WikiTopics,sci,42,24,3
WikiTopics,sci,42,25,2
WikiTopics,sci,42,26,2
WikiTopics,sci,42,28,3
WikiTopics,sci,42,29,1
WikiTopics,sci,42,30,2
WikiTopics,sci,42,32,1
WikiTopics,sci,42,35,1
WikiTopics,sci,42,36,1
WikiTopics,sci,42,39,2
WikiTopics,sci,43,0,6173
WikiTopics,sci,43,1,1745
WikiTopics,sci,43,2,625
WikiTopics,sci,43,3,344
WikiTopics,sci,43,4,191
WikiTopics,sci,43,5,110
WikiTopics,sci,43,6,83
WikiTopics,sci,43,7,47
WikiTopics,sci,43,8,40
WikiTopics,sci,43,9,31
WikiTopics,sci,43,10,14
WikiTopics,sci,43,11,14
WikiTopics,sci,43,12,8
WikiTopics,sci,43,13,10
WikiTopics,sci,43,14,3
WikiTopics,sci,43,15,7
WikiTopics,sci,43,16,4
WikiTopics,sci,43,17,7
WikiTopics,sci,43,18,2
WikiTopics,sci,43,19,7
WikiTopics,sci,43,20,2
WikiTopics,sci,43,21,1
WikiTopics,sci,43,22,6
WikiTopics,sci,43,23,2
WikiTopics,sci,43,24,2
WikiTopics,sci,43,25,1
WikiTopics,sci,43,26,1
WikiTopics,sci,43,28,1
WikiTopics,sci,43,29,3
WikiTopics,sci,43,30,1
WikiTopics,sci,43,31,1
WikiTopics,sci,43,34,1
WikiTopics,sci,43,36,1
WikiTopics,sci,43,38,1
WikiTopics,sci,43,42,2
WikiTopics,sci,44,0,6233
WikiTopics,sci,44,1,1727
WikiTopics,sci,44,2,602
WikiTopics,sci,44,3,317
WikiTopics,sci,44,4,177
WikiTopics,sci,44,5,101
WikiTopics,sci,44,6,98
WikiTopics,sci,44,7,60
WikiTopics,sci,44,8,36
WikiTopics,sci,44,9,26
WikiTopics,sci,44,10,21
WikiTopics,sci,44,11,16
WikiTopics,sci,44,12,9
WikiTopics,sci,44,13,9
WikiTopics,sci,44,14,8
WikiTopics,sci,44,15,7
WikiTopics,sci,44,16,4
WikiTopics,sci,44,17,1
WikiTopics,sci,44,18,4
WikiTopics,sci,44,19,5
WikiTopics,sci,44,20,4
WikiTopics,sci,44,21,2
WikiTopics,sci,44,22,5
WikiTopics,sci,44,23,3
WikiTopics,sci,44,24,2
WikiTopics,sci,44,25,1
WikiTopics,sci,44,27,3
WikiTopics,sci,44,28,1
WikiTopics,sci,44,29,1
WikiTopics,sci,44,31,1
WikiTopics,sci,44,32,3
WikiTopics,sci,44,33,1
WikiTopics,sci,44,36,1
WikiTopics,sci,44,39,1
WikiTopics,sci,44,41,1
WikiTopics,sci,45,0,6136
WikiTopics,sci,45,1,1777
WikiTopics,sci,45,2,656
WikiTopics,sci,45,3,319
WikiTopics,sci,45,4,174
WikiTopics,sci,45,5,114
WikiTopics,sci,45,6,92
WikiTopics,sci,45,7,60
WikiTopics,sci,45,8,36
WikiTopics,sci,45,9,28
WikiTopics,sci,45,10,16
WikiTopics,sci,45,11,12
WikiTopics,sci,45,12,11
WikiTopics,sci,45,13,12
WikiTopics,sci,45,14,3
WikiTopics,sci,45,15,4
WikiTopics,sci,45,16,5
WikiTopics,sci,45,17,4
WikiTopics,sci,45,18,2
WikiTopics,sci,45,19,4
WikiTopics,sci,45,20,3
WikiTopics,sci,45,21,2
WikiTopics,sci,45,22,1
WikiTopics,sci,45,23,3
WikiTopics,sci,45,24,4
WikiTopics,sci,45,26,1
WikiTopics,sci,45,28,1
WikiTopics,sci,45,29,1
WikiTopics,sci,45,30,2
WikiTopics,sci,45,32,2
WikiTopics,sci,45,35,2
WikiTopics,sci,45,36,1
WikiTopics,sci,45,37,2
WikiTopics,sci,45,44,1
WikiTopics,sci,46,0,6194
WikiTopics,sci,46,1,1731
WikiTopics,sci,46,2,629
WikiTopics,sci,46,3,327
WikiTopics,sci,46,4,190
WikiTopics,sci,46,5,109
WikiTopics,sci,46,6,73
WikiTopics,sci,46,7,64
WikiTopics,sci,46,8,39
WikiTopics,sci,46,9,26
WikiTopics,sci,46,10,20
WikiTopics,sci,46,11,15
WikiTopics,sci,46,12,9
WikiTopics,sci,46,13,9
WikiTopics,sci,46,14,6
WikiTopics,sci,46,15,3
WikiTopics,sci,46,16,5
WikiTopics,sci,46,17,5
WikiTopics,sci,46,18,4
WikiTopics,sci,46,19,3
WikiTopics,sci,46,20,3
WikiTopics,sci,46,21,3
WikiTopics,sci,46,22,4
WikiTopics,sci,46,23,4
WikiTopics,sci,46,24,2
WikiTopics,sci,46,25,1
WikiTopics,sci,46,26,2
WikiTopics,sci,46,27,1
WikiTopics,sci,46,28,2
WikiTopics,sci,46,30,1
WikiTopics,sci,46,31,1
WikiTopics,sci,46,32,1
WikiTopics,sci,46,35,2
WikiTopics,sci,46,37,1
WikiTopics,sci,46,39,1
WikiTopics,sci,46,40,1
WikiTopics,sport,42,0,3375
WikiTopics,sport,42,1,367
WikiTopics,sport,42,2,99
WikiTopics,sport,42,3,44
WikiTopics,sport,42,4,26
WikiTopics,sport,42,5,23
WikiTopics,sport,42,6,6
WikiTopics,sport,42,7,3
WikiTopics,sport,42,8,4
WikiTopics,sport,42,9,4
WikiTopics,sport,42,10,6
WikiTopics,sport,42,11,2
WikiTopics,sport,42,12,1
WikiTopics,sport,42,13,1
WikiTopics,sport,42,14,1
WikiTopics,sport,42,16,1
WikiTopics,sport,42,17,1
WikiTopics,sport,43,0,3381
WikiTopics,sport,43,1,364
WikiTopics,sport,43,2,92
WikiTopics,sport,43,3,51
WikiTopics,sport,43,4,22
WikiTopics,sport,43,5,19
WikiTopics,sport,43,6,11
WikiTopics,sport,43,7,6
WikiTopics,sport,43,8,8
WikiTopics,sport,43,9,2
WikiTopics,sport,43,10,2
WikiTopics,sport,43,11,1
WikiTopics,sport,43,13,1
WikiTopics,sport,43,14,1
WikiTopics,sport,43,15,1
WikiTopics,sport,43,16,1
WikiTopics,sport,43,18,1
WikiTopics,sport,44,0,3388
WikiTopics,sport,44,1,352
WikiTopics,sport,44,2,100
WikiTopics,sport,44,3,50
WikiTopics,sport,44,4,24
WikiTopics,sport,44,5,16
WikiTopics,sport,44,6,9
WikiTopics,sport,44,7,9
WikiTopics,sport,44,8,3
WikiTopics,sport,44,9,3
WikiTopics,sport,44,10,4
WikiTopics,sport,44,11,1
WikiTopics,sport,44,12,2
WikiTopics,sport,44,14,2
WikiTopics,sport,44,15,1
WikiTopics,sport,45,0,3398
WikiTopics,sport,45,1,341
WikiTopics,sport,45,2,101
WikiTopics,sport,45,3,45
WikiTopics,sport,45,4,32
WikiTopics,sport,45,5,8
WikiTopics,sport,45,6,10
WikiTopics,sport,45,7,13
WikiTopics,sport,45,8,2
WikiTopics,sport,45,9,3
WikiTopics,sport,45,10,2
WikiTopics,sport,45,11,2
WikiTopics,sport,45,13,2
WikiTopics,sport,45,14,2
WikiTopics,sport,45,16,1
WikiTopics,sport,45,17,1
WikiTopics,sport,45,19,1
WikiTopics,sport,46,0,3365
WikiTopics,sport,46,1,359
WikiTopics,sport,46,2,103
WikiTopics,sport,46,3,53
WikiTopics,sport,46,4,39
WikiTopics,sport,46,5,15
WikiTopics,sport,46,6,9
WikiTopics,sport,46,7,3
WikiTopics,sport,46,8,6
WikiTopics,sport,46,9,2
WikiTopics,sport,46,10,3
WikiTopics,sport,46,11,4
WikiTopics,sport,46,12,2
WikiTopics,sport,46,14,1
WikiTopics,tax,42,0,5459
WikiTopics,tax,42,1,996
WikiTopics,tax,42,2,361
WikiTopics,tax,42,3,233
WikiTopics,tax,42,4,158
WikiTopics,tax,42,5,100
WikiTopics,tax,42,6,49
WikiTopics,tax,42,7,49
WikiTopics,tax,42,8,36
WikiTopics,tax,42,9,27
WikiTopics,tax,42,10,22
WikiTopics,tax,42,11,20
WikiTopics,tax,42,12,10
WikiTopics,tax,42,13,5
WikiTopics,tax,42,14,10
WikiTopics,tax,42,15,3
WikiTopics,tax,42,16,5
WikiTopics,tax,42,17,7
WikiTopics,tax,42,18,4
WikiTopics,tax,42,19,2
WikiTopics,tax,42,21,3
WikiTopics,tax,42,22,2
WikiTopics,tax,42,23,1
WikiTopics,tax,42,25,1
WikiTopics,tax,43,0,5530
WikiTopics,tax,43,1,973
WikiTopics,tax,43,2,345
WikiTopics,tax,43,3,208
WikiTopics,tax,43,4,148
WikiTopics,tax,43,5,93
WikiTopics,tax,43,6,72
WikiTopics,tax,43,7,36
WikiTopics,tax,43,8,33
WikiTopics,tax,43,9,26
WikiTopics,tax,43,10,14
WikiTopics,tax,43,11,23
WikiTopics,tax,43,12,14
WikiTopics,tax,43,13,8
WikiTopics,tax,43,14,3
WikiTopics,tax,43,15,11
WikiTopics,tax,43,16,5
WikiTopics,tax,43,17,4
WikiTopics,tax,43,18,6
WikiTopics,tax,43,19,4
WikiTopics,tax,43,20,2
WikiTopics,tax,43,21,1
WikiTopics,tax,43,22,3
WikiTopics,tax,43,23,1
WikiTopics,tax,44,0,5508
WikiTopics,tax,44,1,978
WikiTopics,tax,44,2,371
WikiTopics,tax,44,3,235
WikiTopics,tax,44,4,131
WikiTopics,tax,44,5,76
WikiTopics,tax,44,6,60
WikiTopics,tax,44,7,39
WikiTopics,tax,44,8,41
WikiTopics,tax,44,9,25
WikiTopics,tax,44,10,24
WikiTopics,tax,44,11,15
WikiTopics,tax,44,12,12
WikiTopics,tax,44,13,7
WikiTopics,tax,44,14,12
WikiTopics,tax,44,15,9
WikiTopics,tax,44,16,6
WikiTopics,tax,44,17,3
WikiTopics,tax,44,18,4
WikiTopics,tax,44,19,3
WikiTopics,tax,44,21,3
WikiTopics,tax,44,22,1
WikiTopics,tax,45,0,5493
WikiTopics,tax,45,1,1001
WikiTopics,tax,45,2,375
WikiTopics,tax,45,3,203
WikiTopics,tax,45,4,146
WikiTopics,tax,45,5,79
WikiTopics,tax,45,6,54
WikiTopics,tax,45,7,48
WikiTopics,tax,45,8,35
WikiTopics,tax,45,9,31
WikiTopics,tax,45,10,17
WikiTopics,tax,45,11,18
WikiTopics,tax,45,12,13
WikiTopics,tax,45,13,14
WikiTopics,tax,45,14,8
WikiTopics,tax,45,15,6
WikiTopics,tax,45,16,2
WikiTopics,tax,45,17,4
WikiTopics,tax,45,18,6
WikiTopics,tax,45,19,2
WikiTopics,tax,45,20,1
WikiTopics,tax,45,21,1
WikiTopics,tax,45,22,2
WikiTopics,tax,45,24,2
WikiTopics,tax,45,26,1
WikiTopics,tax,45,27,1
WikiTopics,tax,46,0,5509
WikiTopics,tax,46,1,969
WikiTopics,tax,46,2,381
WikiTopics,tax,46,3,231
WikiTopics,tax,46,4,126
WikiTopics,tax,46,5,74
WikiTopics,tax,46,6,66
WikiTopics,tax,46,7,53
WikiTopics,tax,46,8,37
WikiTopics,tax,46,9,29
WikiTopics,tax,46,10,24
WikiTopics,tax,46,11,12
WikiTopics,tax,46,12,13
WikiTopics,tax,46,13,11
WikiTopics,tax,46,14,5
WikiTopics,tax,46,15,6
WikiTopics,tax,46,16,5
WikiTopics,tax,46,17,4
WikiTopics,tax,46,18,1
WikiTopics,tax,46,19,2
WikiTopics,tax,46,20,2
WikiTopics,tax,46,22,2
WikiTopics,tax,46,23,1
WikiTopics,pooled_questions,42,0,56338
WikiTopics,pooled_questions,42,1,14281
WikiTopics,pooled_questions,42,2,6222
WikiTopics,pooled_questions,42,3,3518
WikiTopics,pooled_questions,42,4,2253
WikiTopics,pooled_questions,42,5,1537
WikiTopics,pooled_questions,42,6,1049
WikiTopics,pooled_questions,42,7,746
WikiTopics,pooled_questions,42,8,535
WikiTopics,pooled_questions,42,9,382
WikiTopics,pooled_questions,42,10,341
WikiTopics,pooled_questions,42,11,241
WikiTopics,pooled_questions,42,12,173
WikiTopics,pooled_questions,42,13,128
WikiTopics,pooled_questions,42,14,96
WikiTopics,pooled_questions,42,15,91
WikiTopics,pooled_questions,42,16,61
WikiTopics,pooled_questions,42,17,46
WikiTopics,pooled_questions,42,18,33
WikiTopics,pooled_questions,42,19,31
WikiTopics,pooled_questions,42,20,20
WikiTopics,pooled_questions,42,21,16
WikiTopics,pooled_questions,42,22,9
WikiTopics,pooled_questions,42,23,13
WikiTopics,pooled_questions,42,24,6
WikiTopics,pooled_questions,42,25,5
WikiTopics,pooled_questions,42,26,6
WikiTopics,pooled_questions,42,27,1
WikiTopics,pooled_questions,42,28,3
WikiTopics,pooled_questions,42,29,3
WikiTopics,pooled_questions,42,30,3
WikiTopics,pooled_questions,42,32,1
WikiTopics,pooled_questions,42,33,2
WikiTopics,pooled_questions,42,35,2
WikiTopics,pooled_questions,42,36,1
WikiTopics,pooled_questions,42,39,2
WikiTopics,pooled_questions,42,45,1
WikiTopics,pooled_questions,42,46,1
WikiTopics,pooled_questions,43,0,56396
WikiTopics,pooled_questions,43,1,14388
WikiTopics,pooled_questions,43,2,6039
WikiTopics,pooled_questions,43,3,3571
WikiTopics,pooled_questions,43,4,2168
WikiTopics,pooled_questions,43,5,1499
WikiTopics,pooled_questions,43,6,1121
WikiTopics,pooled_questions,43,7,749
WikiTopics,pooled_questions,43,8,574
WikiTopics,pooled_questions,43,9,410
WikiTopics,pooled_questions,43,10,306
WikiTopics,pooled_questions,43,11,249
WikiTopics,pooled_questions,43,12,167
WikiTopics,pooled_questions,43,13,135
WikiTopics,pooled_questions,43,14,72
WikiTopics,pooled_questions,43,15,92
WikiTopics,pooled_questions,43,16,60
WikiTopics,pooled_questions,43,17,43
WikiTopics,pooled_questions,43,18,39
WikiTopics,pooled_questions,43,19,32
WikiTopics,pooled_questions,43,20,13
WikiTopics,pooled_questions,43,21,12
WikiTopics,pooled_questions,43,22,15
WikiTopics,pooled_questions,43,23,9
WikiTopics,pooled_questions,43,24,8
WikiTopics,pooled_questions,43,25,6
WikiTopics,pooled_questions,43,26,3
WikiTopics,pooled_questions,43,27,4
WikiTopics,pooled_questions,43,28,1
WikiTopics,pooled_questions,43,29,4
WikiTopics,pooled_questions,43,30,2
WikiTopics,pooled_questions,43,31,1
WikiTopics,pooled_questions,43,32,1
WikiTopics,pooled_questions,43,34,1
WikiTopics,pooled_questions,43,35,1
WikiTopics,pooled_questions,43,36,1
WikiTopics,pooled_questions,43,38,2
WikiTopics,pooled_questions,43,39,1
WikiTopics,pooled_questions,43,42,2
WikiTopics,pooled_questions,44,0,56487
WikiTopics,pooled_questions,44,1,14202
WikiTopics,pooled_questions,44,2,6169
WikiTopics,pooled_questions,44,3,3505
WikiTopics,pooled_questions,44,4,2203
WikiTopics,pooled_questions,44,5,1483
WikiTopics,pooled_questions,44,6,1115
WikiTopics,pooled_questions,44,7,758
WikiTopics,pooled_questions,44,8,543
WikiTopics,pooled_questions,44,9,437
WikiTopics,pooled_questions,44,10,336
WikiTopics,pooled_questions,44,11,211
WikiTopics,pooled_questions,44,12,181
WikiTopics,pooled_questions,44,13,142
WikiTopics,pooled_questions,44,14,101
WikiTopics,pooled_questions,44,15,73
WikiTopics,pooled_questions,44,16,47
WikiTopics,pooled_questions,44,17,53
WikiTopics,pooled_questions,44,18,31
WikiTopics,pooled_questions,44,19,23
WikiTopics,pooled_questions,44,20,17
WikiTopics,pooled_questions,44,21,13
WikiTopics,pooled_questions,44,22,13
WikiTopics,pooled_questions,44,23,10
WikiTopics,pooled_questions,44,24,8
WikiTopics,pooled_questions,44,25,9
WikiTopics,pooled_questions,44,26,2
WikiTopics,pooled_questions,44,27,7
WikiTopics,pooled_questions,44,28,1
WikiTopics,pooled_questions,44,29,4
WikiTopics,pooled_questions,44,30,1
WikiTopics,pooled_questions,44,31,2
WikiTopics,pooled_questions,44,32,3
WikiTopics,pooled_questions,44,33,1
WikiTopics,pooled_questions,44,35,1
WikiTopics,pooled_questions,44,36,1
WikiTopics,pooled_questions,44,39,1
WikiTopics,pooled_questions,44,41,3
WikiTopics,pooled_questions,45,0,56438
WikiTopics,pooled_questions,45,1,14376
WikiTopics,pooled_questions,45,2,6046
WikiTopics,pooled_questions,45,3,3486
WikiTopics,pooled_questions,45,4,2199
WikiTopics,pooled_questions,45,5,1508
WikiTopics,pooled_questions,45,6,1085
WikiTopics,pooled_questions,45,7,815
WikiTopics,pooled_questions,45,8,579
WikiTopics,pooled_questions,45,9,435
WikiTopics,pooled_questions,45,10,296
WikiTopics,pooled_questions,45,11,205
WikiTopics,pooled_questions,45,12,172
WikiTopics,pooled_questions,45,13,137
WikiTopics,pooled_questions,45,14,94
WikiTopics,pooled_questions,45,15,72
WikiTopics,pooled_questions,45,16,42
WikiTopics,pooled_questions,45,17,38
WikiTopics,pooled_questions,45,18,33
WikiTopics,pooled_questions,45,19,30
WikiTopics,pooled_questions,45,20,30
WikiTopics,pooled_questions,45,21,15
WikiTopics,pooled_questions,45,22,14
WikiTopics,pooled_questions,45,23,12
WikiTopics,pooled_questions,45,24,10
WikiTopics,pooled_questions,45,25,4
WikiTopics,pooled_questions,45,26,3
WikiTopics,pooled_questions,45,27,4
WikiTopics,pooled_questions,45,28,2
WikiTopics,pooled_questions,45,29,1
WikiTopics,pooled_questions,45,30,4
WikiTopics,pooled_questions,45,32,2
WikiTopics,pooled_questions,45,34,1
WikiTopics,pooled_questions,45,35,2
WikiTopics,pooled_questions,45,36,1
WikiTopics,pooled_questions,45,37,3
WikiTopics,pooled_questions,45,39,1
WikiTopics,pooled_questions,45,42,1
WikiTopics,pooled_questions,45,44,1
WikiTopics,pooled_questions,46,0,56524
WikiTopics,pooled_questions,46,1,14212
WikiTopics,pooled_questions,46,2,6161
WikiTopics,pooled_questions,46,3,3481
WikiTopics,pooled_questions,46,4,2243
WikiTopics,pooled_questions,46,5,1504
WikiTopics,pooled_questions,46,6,1054
WikiTopics,pooled_questions,46,7,762
WikiTopics,pooled_questions,46,8,567
WikiTopics,pooled_questions,46,9,404
WikiTopics,pooled_questions,46,10,324
WikiTopics,pooled_questions,46,11,233
WikiTopics,pooled_questions,46,12,178
WikiTopics,pooled_questions,46,13,124
WikiTopics,pooled_questions,46,14,106
WikiTopics,pooled_questions,46,15,75
WikiTopics,pooled_questions,46,16,54
WikiTopics,pooled_questions,46,17,38
WikiTopics,pooled_questions,46,18,34
WikiTopics,pooled_questions,46,19,18
WikiTopics,pooled_questions,46,20,22
WikiTopics,pooled_questions,46,21,15
WikiTopics,pooled_questions,46,22,13
WikiTopics,pooled_questions,46,23,12
WikiTopics,pooled_questions,46,24,6
WikiTopics,pooled_questions,46,25,6
WikiTopics,pooled_questions,46,26,6
WikiTopics,pooled_questions,46,27,6
WikiTopics,pooled_questions,46,28,2
WikiTopics,pooled_questions,46,30,1
WikiTopics,pooled_questions,46,31,1
WikiTopics,pooled_questions,46,32,1
WikiTopics,pooled_questions,46,33,1
WikiTopics,pooled_questions,46,35,3
WikiTopics,pooled_questions,46,37,2
WikiTopics,pooled_questions,46,39,1
WikiTopics,pooled_questions,46,40,1
WikiTopics,pooled_questions,46,44,1
WikiTopics,pooled_questions,46,45,1
MetaQA-3hop-vanilla,all,42,0,42443
MetaQA-3hop-vanilla,all,42,1,22771
MetaQA-3hop-vanilla,all,42,2,13656
MetaQA-3hop-vanilla,all,42,3,8517
MetaQA-3hop-vanilla,all,42,4,5694
MetaQA-3hop-vanilla,all,42,5,4057
MetaQA-3hop-vanilla,all,42,6,3166
MetaQA-3hop-vanilla,all,42,7,2314
MetaQA-3hop-vanilla,all,42,8,1976
MetaQA-3hop-vanilla,all,42,9,1470
MetaQA-3hop-vanilla,all,42,10,1145
MetaQA-3hop-vanilla,all,42,11,942
MetaQA-3hop-vanilla,all,42,12,823
MetaQA-3hop-vanilla,all,42,13,628
MetaQA-3hop-vanilla,all,42,14,528
MetaQA-3hop-vanilla,all,42,15,439
MetaQA-3hop-vanilla,all,42,16,353
MetaQA-3hop-vanilla,all,42,17,313
MetaQA-3hop-vanilla,all,42,18,264
MetaQA-3hop-vanilla,all,42,19,257
MetaQA-3hop-vanilla,all,42,20,206
MetaQA-3hop-vanilla,all,42,21,196
MetaQA-3hop-vanilla,all,42,22,164
MetaQA-3hop-vanilla,all,42,23,159
MetaQA-3hop-vanilla,all,42,24,105
MetaQA-3hop-vanilla,all,42,25,140
MetaQA-3hop-vanilla,all,42,26,110
MetaQA-3hop-vanilla,all,42,27,100
MetaQA-3hop-vanilla,all,42,28,98
MetaQA-3hop-vanilla,all,42,29,84
MetaQA-3hop-vanilla,all,42,30,87
MetaQA-3hop-vanilla,all,42,31,71
MetaQA-3hop-vanilla,all,42,32,82
MetaQA-3hop-vanilla,all,42,33,76
MetaQA-3hop-vanilla,all,42,34,54
MetaQA-3hop-vanilla,all,42,35,62
MetaQA-3hop-vanilla,all,42,36,49
MetaQA-3hop-vanilla,all,42,37,42
MetaQA-3hop-vanilla,all,42,38,34
MetaQA-3hop-vanilla,all,42,39,46
MetaQA-3hop-vanilla,all,42,40,41
MetaQA-3hop-vanilla,all,42,41,28
MetaQA-3hop-vanilla,all,42,42,24
MetaQA-3hop-vanilla,all,42,43,22
MetaQA-3hop-vanilla,all,42,44,33
MetaQA-3hop-vanilla,all,42,45,25
MetaQA-3hop-vanilla,all,42,46,19
MetaQA-3hop-vanilla,all,42,47,21
MetaQA-3hop-vanilla,all,42,48,20
MetaQA-3hop-vanilla,all,42,49,21
MetaQA-3hop-vanilla,all,42,50,14
MetaQA-3hop-vanilla,all,42,51,19
MetaQA-3hop-vanilla,all,42,52,13
MetaQA-3hop-vanilla,all,42,53,19
MetaQA-3hop-vanilla,all,42,54,20
MetaQA-3hop-vanilla,all,42,55,18
MetaQA-3hop-vanilla,all,42,56,13
MetaQA-3hop-vanilla,all,42,57,6
MetaQA-3hop-vanilla,all,42,58,8
MetaQA-3hop-vanilla,all,42,59,12
MetaQA-3hop-vanilla,all,42,60,9
MetaQA-3hop-vanilla,all,42,61,5
MetaQA-3hop-vanilla,all,42,62,9
MetaQA-3hop-vanilla,all,42,63,5
MetaQA-3hop-vanilla,all,42,64,3
MetaQA-3hop-vanilla,all,42,65,9
MetaQA-3hop-vanilla,all,42,66,1
MetaQA-3hop-vanilla,all,42,67,5
MetaQA-3hop-vanilla,all,42,68,2
MetaQA-3hop-vanilla,all,42,69,3
MetaQA-3hop-vanilla,all,42,70,1
MetaQA-3hop-vanilla,all,42,71,3
MetaQA-3hop-vanilla,all,42,72,3
MetaQA-3hop-vanilla,all,42,73,2
MetaQA-3hop-vanilla,all,42,74,2
MetaQA-3hop-vanilla,all,42,76,1
MetaQA-3hop-vanilla,all,42,77,1
MetaQA-3hop-vanilla,all,42,78,1
MetaQA-3hop-vanilla,all,42,79,1
MetaQA-3hop-vanilla,all,42,80,2
MetaQA-3hop-vanilla,all,42,81,2
MetaQA-3hop-vanilla,all,42,84,1
MetaQA-3hop-vanilla,all,42,85,1
MetaQA-3hop-vanilla,all,42,86,2
MetaQA-3hop-vanilla,all,42,87,1
MetaQA-3hop-vanilla,all,42,91,1
MetaQA-3hop-vanilla,all,42,102,1
MetaQA-3hop-vanilla,all,42,103,1
MetaQA-3hop-vanilla,all,42,108,1
MetaQA-3hop-vanilla,all,43,0,42360
MetaQA-3hop-vanilla,all,43,1,22982
MetaQA-3hop-vanilla,all,43,2,13536
MetaQA-3hop-vanilla,all,43,3,8434
MetaQA-3hop-vanilla,all,43,4,5723
MetaQA-3hop-vanilla,all,43,5,4138
MetaQA-3hop-vanilla,all,43,6,3059
MetaQA-3hop-vanilla,all,43,7,2393
MetaQA-3hop-vanilla,all,43,8,1919
MetaQA-3hop-vanilla,all,43,9,1448
MetaQA-3hop-vanilla,all,43,10,1137
MetaQA-3hop-vanilla,all,43,11,983
MetaQA-3hop-vanilla,all,43,12,843
MetaQA-3hop-vanilla,all,43,13,614
MetaQA-3hop-vanilla,all,43,14,555
MetaQA-3hop-vanilla,all,43,15,437
MetaQA-3hop-vanilla,all,43,16,348
MetaQA-3hop-vanilla,all,43,17,358
MetaQA-3hop-vanilla,all,43,18,275
MetaQA-3hop-vanilla,all,43,19,234
MetaQA-3hop-vanilla,all,43,20,192
MetaQA-3hop-vanilla,all,43,21,199
MetaQA-3hop-vanilla,all,43,22,172
MetaQA-3hop-vanilla,all,43,23,157
MetaQA-3hop-vanilla,all,43,24,133
MetaQA-3hop-vanilla,all,43,25,108
MetaQA-3hop-vanilla,all,43,26,106
MetaQA-3hop-vanilla,all,43,27,101
MetaQA-3hop-vanilla,all,43,28,98
MetaQA-3hop-vanilla,all,43,29,74
MetaQA-3hop-vanilla,all,43,30,66
MetaQA-3hop-vanilla,all,43,31,92
MetaQA-3hop-vanilla,all,43,32,66
MetaQA-3hop-vanilla,all,43,33,77
MetaQA-3hop-vanilla,all,43,34,66
MetaQA-3hop-vanilla,all,43,35,50
MetaQA-3hop-vanilla,all,43,36,51
MetaQA-3hop-vanilla,all,43,37,51
MetaQA-3hop-vanilla,all,43,38,52
MetaQA-3hop-vanilla,all,43,39,47
MetaQA-3hop-vanilla,all,43,40,44
MetaQA-3hop-vanilla,all,43,41,32
MetaQA-3hop-vanilla,all,43,42,21
MetaQA-3hop-vanilla,all,43,43,30
MetaQA-3hop-vanilla,all,43,44,24
MetaQA-3hop-vanilla,all,43,45,29
MetaQA-3hop-vanilla,all,43,46,19
MetaQA-3hop-vanilla,all,43,47,29
MetaQA-3hop-vanilla,all,43,48,17
MetaQA-3hop-vanilla,all,43,49,10
MetaQA-3hop-vanilla,all,43,50,23
MetaQA-3hop-vanilla,all,43,51,13
MetaQA-3hop-vanilla,all,43,52,15
MetaQA-3hop-vanilla,all,43,53,10
MetaQA-3hop-vanilla,all,43,54,11
MetaQA-3hop-vanilla,all,43,55,10
MetaQA-3hop-vanilla,all,43,56,12
MetaQA-3hop-vanilla,all,43,57,13
MetaQA-3hop-vanilla,all,43,58,4
MetaQA-3hop-vanilla,all,43,59,8
MetaQA-3hop-vanilla,all,43,60,10
MetaQA-3hop-vanilla,all,43,61,6
MetaQA-3hop-vanilla,all,43,62,9
MetaQA-3hop-vanilla,all,43,63,12
MetaQA-3hop-vanilla,all,43,64,5
MetaQA-3hop-vanilla,all,43,65,5
MetaQA-3hop-vanilla,all,43,66,4
MetaQA-3hop-vanilla,all,43,67,1
MetaQA-3hop-vanilla,all,43,68,4
MetaQA-3hop-vanilla,all,43,69,2
MetaQA-3hop-vanilla,all,43,70,3
MetaQA-3hop-vanilla,all,43,71,3
MetaQA-3hop-vanilla,all,43,73,1
MetaQA-3hop-vanilla,all,43,74,6
MetaQA-3hop-vanilla,all,43,75,2
MetaQA-3hop-vanilla,all,43,77,2
MetaQA-3hop-vanilla,all,43,78,2
MetaQA-3hop-vanilla,all,43,79,2
MetaQA-3hop-vanilla,all,43,81,1
MetaQA-3hop-vanilla,all,43,88,1
MetaQA-3hop-vanilla,all,43,92,1
MetaQA-3hop-vanilla,all,43,93,2
MetaQA-3hop-vanilla,all,43,94,1
MetaQA-3hop-vanilla,all,43,97,1
MetaQA-3hop-vanilla,all,43,100,1
MetaQA-3hop-vanilla,all,43,104,1
MetaQA-3hop-vanilla,all,44,0,42142
MetaQA-3hop-vanilla,all,44,1,22824
MetaQA-3hop-vanilla,all,44,2,13876
MetaQA-3hop-vanilla,all,44,3,8518
MetaQA-3hop-vanilla,all,44,4,5703
MetaQA-3hop-vanilla,all,44,5,4135
MetaQA-3hop-vanilla,all,44,6,3146
MetaQA-3hop-vanilla,all,44,7,2357
MetaQA-3hop-vanilla,all,44,8,1891
MetaQA-3hop-vanilla,all,44,9,1489
MetaQA-3hop-vanilla,all,44,10,1151
MetaQA-3hop-vanilla,all,44,11,964
MetaQA-3hop-vanilla,all,44,12,741
MetaQA-3hop-vanilla,all,44,13,625
MetaQA-3hop-vanilla,all,44,14,538
MetaQA-3hop-vanilla,all,44,15,494
MetaQA-3hop-vanilla,all,44,16,349
MetaQA-3hop-vanilla,all,44,17,306
MetaQA-3hop-vanilla,all,44,18,300
MetaQA-3hop-vanilla,all,44,19,238
MetaQA-3hop-vanilla,all,44,20,201
MetaQA-3hop-vanilla,all,44,21,187
MetaQA-3hop-vanilla,all,44,22,153
MetaQA-3hop-vanilla,all,44,23,133
MetaQA-3hop-vanilla,all,44,24,119
MetaQA-3hop-vanilla,all,44,25,116
MetaQA-3hop-vanilla,all,44,26,120
MetaQA-3hop-vanilla,all,44,27,103
MetaQA-3hop-vanilla,all,44,28,109
MetaQA-3hop-vanilla,all,44,29,90
MetaQA-3hop-vanilla,all,44,30,74
MetaQA-3hop-vanilla,all,44,31,73
MetaQA-3hop-vanilla,all,44,32,68
MetaQA-3hop-vanilla,all,44,33,65
MetaQA-3hop-vanilla,all,44,34,71
MetaQA-3hop-vanilla,all,44,35,57
MetaQA-3hop-vanilla,all,44,36,54
MetaQA-3hop-vanilla,all,44,37,49
MetaQA-3hop-vanilla,all,44,38,45
MetaQA-3hop-vanilla,all,44,39,36
MetaQA-3hop-vanilla,all,44,40,43
MetaQA-3hop-vanilla,all,44,41,38
MetaQA-3hop-vanilla,all,44,42,29
MetaQA-3hop-vanilla,all,44,43,32
MetaQA-3hop-vanilla,all,44,44,23
MetaQA-3hop-vanilla,all,44,45,32
MetaQA-3hop-vanilla,all,44,46,19
MetaQA-3hop-vanilla,all,44,47,22
MetaQA-3hop-vanilla,all,44,48,19
MetaQA-3hop-vanilla,all,44,49,13
MetaQA-3hop-vanilla,all,44,50,22
MetaQA-3hop-vanilla,all,44,51,21
MetaQA-3hop-vanilla,all,44,52,12
MetaQA-3hop-vanilla,all,44,53,11
MetaQA-3hop-vanilla,all,44,54,16
MetaQA-3hop-vanilla,all,44,55,9
MetaQA-3hop-vanilla,all,44,56,12
MetaQA-3hop-vanilla,all,44,57,15
MetaQA-3hop-vanilla,all,44,58,11
MetaQA-3hop-vanilla,all,44,59,10
MetaQA-3hop-vanilla,all,44,60,13
MetaQA-3hop-vanilla,all,44,61,7
MetaQA-3hop-vanilla,all,44,62,4
MetaQA-3hop-vanilla,all,44,63,4
MetaQA-3hop-vanilla,all,44,64,6
MetaQA-3hop-vanilla,all,44,65,3
MetaQA-3hop-vanilla,all,44,66,4
MetaQA-3hop-vanilla,all,44,67,5
MetaQA-3hop-vanilla,all,44,68,2
MetaQA-3hop-vanilla,all,44,69,1
MetaQA-3hop-vanilla,all,44,70,1
MetaQA-3hop-vanilla,all,44,71,1
MetaQA-3hop-vanilla,all,44,72,1
MetaQA-3hop-vanilla,all,44,73,2
MetaQA-3hop-vanilla,all,44,74,2
MetaQA-3hop-vanilla,all,44,75,2
MetaQA-3hop-vanilla,all,44,76,2
MetaQA-3hop-vanilla,all,44,77,1
MetaQA-3hop-vanilla,all,44,79,1
MetaQA-3hop-vanilla,all,44,80,1
MetaQA-3hop-vanilla,all,44,81,2
MetaQA-3hop-vanilla,all,44,82,1
MetaQA-3hop-vanilla,all,44,84,3
MetaQA-3hop-vanilla,all,44,85,1
MetaQA-3hop-vanilla,all,44,86,1
MetaQA-3hop-vanilla,all,44,89,1
MetaQA-3hop-vanilla,all,44,90,2
MetaQA-3hop-vanilla,all,44,93,1
MetaQA-3hop-vanilla,all,44,99,1
MetaQA-3hop-vanilla,all,44,110,1
MetaQA-3hop-vanilla,all,45,0,42480
MetaQA-3hop-vanilla,all,45,1,22792
MetaQA-3hop-vanilla,all,45,2,13586
MetaQA-3hop-vanilla,all,45,3,8444
MetaQA-3hop-vanilla,all,45,4,5673
MetaQA-3hop-vanilla,all,45,5,4128
MetaQA-3hop-vanilla,all,45,6,3102
MetaQA-3hop-vanilla,all,45,7,2438
MetaQA-3hop-vanilla,all,45,8,1931
MetaQA-3hop-vanilla,all,45,9,1439
MetaQA-3hop-vanilla,all,45,10,1203
MetaQA-3hop-vanilla,all,45,11,941
MetaQA-3hop-vanilla,all,45,12,798
MetaQA-3hop-vanilla,all,45,13,625
MetaQA-3hop-vanilla,all,45,14,534
MetaQA-3hop-vanilla,all,45,15,431
MetaQA-3hop-vanilla,all,45,16,380
MetaQA-3hop-vanilla,all,45,17,338
MetaQA-3hop-vanilla,all,45,18,262
MetaQA-3hop-vanilla,all,45,19,249
MetaQA-3hop-vanilla,all,45,20,212
MetaQA-3hop-vanilla,all,45,21,184
MetaQA-3hop-vanilla,all,45,22,175
MetaQA-3hop-vanilla,all,45,23,144
MetaQA-3hop-vanilla,all,45,24,120
MetaQA-3hop-vanilla,all,45,25,117
MetaQA-3hop-vanilla,all,45,26,91
MetaQA-3hop-vanilla,all,45,27,99
MetaQA-3hop-vanilla,all,45,28,112
MetaQA-3hop-vanilla,all,45,29,84
MetaQA-3hop-vanilla,all,45,30,79
MetaQA-3hop-vanilla,all,45,31,70
MetaQA-3hop-vanilla,all,45,32,74
MetaQA-3hop-vanilla,all,45,33,60
MetaQA-3hop-vanilla,all,45,34,72
MetaQA-3hop-vanilla,all,45,35,54
MetaQA-3hop-vanilla,all,45,36,61
MetaQA-3hop-vanilla,all,45,37,62
MetaQA-3hop-vanilla,all,45,38,42
MetaQA-3hop-vanilla,all,45,39,40
MetaQA-3hop-vanilla,all,45,40,34
MetaQA-3hop-vanilla,all,45,41,33
MetaQA-3hop-vanilla,all,45,42,28
MetaQA-3hop-vanilla,all,45,43,30
MetaQA-3hop-vanilla,all,45,44,24
MetaQA-3hop-vanilla,all,45,45,25
MetaQA-3hop-vanilla,all,45,46,26
MetaQA-3hop-vanilla,all,45,47,18
MetaQA-3hop-vanilla,all,45,48,17
MetaQA-3hop-vanilla,all,45,49,26
MetaQA-3hop-vanilla,all,45,50,17
MetaQA-3hop-vanilla,all,45,51,17
MetaQA-3hop-vanilla,all,45,52,20
MetaQA-3hop-vanilla,all,45,53,13
MetaQA-3hop-vanilla,all,45,54,11
MetaQA-3hop-vanilla,all,45,55,16
MetaQA-3hop-vanilla,all,45,56,7
MetaQA-3hop-vanilla,all,45,57,12
MetaQA-3hop-vanilla,all,45,58,6
MetaQA-3hop-vanilla,all,45,59,13
MetaQA-3hop-vanilla,all,45,60,12
MetaQA-3hop-vanilla,all,45,61,4
MetaQA-3hop-vanilla,all,45,62,6
MetaQA-3hop-vanilla,all,45,63,5
MetaQA-3hop-vanilla,all,45,64,6
MetaQA-3hop-vanilla,all,45,65,6
MetaQA-3hop-vanilla,all,45,66,2
MetaQA-3hop-vanilla,all,45,67,3
MetaQA-3hop-vanilla,all,45,68,4
MetaQA-3hop-vanilla,all,45,69,3
MetaQA-3hop-vanilla,all,45,70,5
MetaQA-3hop-vanilla,all,45,71,1
MetaQA-3hop-vanilla,all,45,73,2
MetaQA-3hop-vanilla,all,45,75,1
MetaQA-3hop-vanilla,all,45,76,1
MetaQA-3hop-vanilla,all,45,77,2
MetaQA-3hop-vanilla,all,45,79,3
MetaQA-3hop-vanilla,all,45,82,2
MetaQA-3hop-vanilla,all,45,86,1
MetaQA-3hop-vanilla,all,45,87,2
MetaQA-3hop-vanilla,all,45,88,1
MetaQA-3hop-vanilla,all,45,89,1
MetaQA-3hop-vanilla,all,45,90,2
MetaQA-3hop-vanilla,all,45,103,1
MetaQA-3hop-vanilla,all,45,107,1
MetaQA-3hop-vanilla,all,46,0,42230
MetaQA-3hop-vanilla,all,46,1,23010
MetaQA-3hop-vanilla,all,46,2,13648
MetaQA-3hop-vanilla,all,46,3,8379
MetaQA-3hop-vanilla,all,46,4,5704
MetaQA-3hop-vanilla,all,46,5,4142
MetaQA-3hop-vanilla,all,46,6,3190
MetaQA-3hop-vanilla,all,46,7,2382
MetaQA-3hop-vanilla,all,46,8,1862
MetaQA-3hop-vanilla,all,46,9,1501
MetaQA-3hop-vanilla,all,46,10,1211
MetaQA-3hop-vanilla,all,46,11,959
MetaQA-3hop-vanilla,all,46,12,728
MetaQA-3hop-vanilla,all,46,13,640
MetaQA-3hop-vanilla,all,46,14,505
MetaQA-3hop-vanilla,all,46,15,450
MetaQA-3hop-vanilla,all,46,16,365
MetaQA-3hop-vanilla,all,46,17,313
MetaQA-3hop-vanilla,all,46,18,288
MetaQA-3hop-vanilla,all,46,19,244
MetaQA-3hop-vanilla,all,46,20,204
MetaQA-3hop-vanilla,all,46,21,202
MetaQA-3hop-vanilla,all,46,22,171
MetaQA-3hop-vanilla,all,46,23,141
MetaQA-3hop-vanilla,all,46,24,128
MetaQA-3hop-vanilla,all,46,25,129
MetaQA-3hop-vanilla,all,46,26,120
MetaQA-3hop-vanilla,all,46,27,102
MetaQA-3hop-vanilla,all,46,28,97
MetaQA-3hop-vanilla,all,46,29,77
MetaQA-3hop-vanilla,all,46,30,75
MetaQA-3hop-vanilla,all,46,31,78
MetaQA-3hop-vanilla,all,46,32,78
MetaQA-3hop-vanilla,all,46,33,97
MetaQA-3hop-vanilla,all,46,34,63
MetaQA-3hop-vanilla,all,46,35,58
MetaQA-3hop-vanilla,all,46,36,57
MetaQA-3hop-vanilla,all,46,37,44
MetaQA-3hop-vanilla,all,46,38,41
MetaQA-3hop-vanilla,all,46,39,34
MetaQA-3hop-vanilla,all,46,40,33
MetaQA-3hop-vanilla,all,46,41,29
MetaQA-3hop-vanilla,all,46,42,30
MetaQA-3hop-vanilla,all,46,43,27
MetaQA-3hop-vanilla,all,46,44,24
MetaQA-3hop-vanilla,all,46,45,21
MetaQA-3hop-vanilla,all,46,46,20
MetaQA-3hop-vanilla,all,46,47,21
MetaQA-3hop-vanilla,all,46,48,16
MetaQA-3hop-vanilla,all,46,49,15
MetaQA-3hop-vanilla,all,46,50,27
MetaQA-3hop-vanilla,all,46,51,17
MetaQA-3hop-vanilla,all,46,52,13
MetaQA-3hop-vanilla,all,46,53,11
MetaQA-3hop-vanilla,all,46,54,8
MetaQA-3hop-vanilla,all,46,55,9
MetaQA-3hop-vanilla,all,46,56,14
MetaQA-3hop-vanilla,all,46,57,10
MetaQA-3hop-vanilla,all,46,58,6
MetaQA-3hop-vanilla,all,46,59,9
MetaQA-3hop-vanilla,all,46,60,11
MetaQA-3hop-vanilla,all,46,61,9
MetaQA-3hop-vanilla,all,46,62,7
MetaQA-3hop-vanilla,all,46,63,9
MetaQA-3hop-vanilla,all,46,64,5
MetaQA-3hop-vanilla,all,46,65,5
MetaQA-3hop-vanilla,all,46,66,8
MetaQA-3hop-vanilla,all,46,67,6
MetaQA-3hop-vanilla,all,46,68,2
MetaQA-3hop-vanilla,all,46,69,2
MetaQA-3hop-vanilla,all,46,70,2
MetaQA-3hop-vanilla,all,46,71,1
MetaQA-3hop-vanilla,all,46,72,1
MetaQA-3hop-vanilla,all,46,74,1
MetaQA-3hop-vanilla,all,46,75,1
MetaQA-3hop-vanilla,all,46,76,1
MetaQA-3hop-vanilla,all,46,77,2
MetaQA-3hop-vanilla,all,46,78,1
MetaQA-3hop-vanilla,all,46,79,1
MetaQA-3hop-vanilla,all,46,80,3
MetaQA-3hop-vanilla,all,46,82,2
MetaQA-3hop-vanilla,all,46,84,1
MetaQA-3hop-vanilla,all,46,88,1
MetaQA-3hop-vanilla,all,46,89,1
MetaQA-3hop-vanilla,all,46,92,1
MetaQA-3hop-vanilla,all,46,94,1
MetaQA-3hop-vanilla,all,46,97,1
MetaQA-3hop-vanilla,all,46,99,2
MetaQA-3hop-vanilla,all,46,112,1
pathquestion,all,42,0,4576
pathquestion,all,42,1,920
pathquestion,all,42,2,39
pathquestion,all,42,3,2
pathquestion,all,43,0,4560
pathquestion,all,43,1,935
pathquestion,all,43,2,41
pathquestion,all,43,3,1
pathquestion,all,44,0,4579
pathquestion,all,44,1,921
pathquestion,all,44,2,36
pathquestion,all,44,3,1
pathquestion,all,45,0,4557
pathquestion,all,45,1,937
pathquestion,all,45,2,42
pathquestion,all,45,3,1
pathquestion,all,46,0,4578
pathquestion,all,46,1,915
pathquestion,all,46,2,43
pathquestion,all,46,3,1
kqapro,all,42,0,3081
kqapro,all,42,1,112
kqapro,all,42,2,4
kqapro,all,43,0,3090
kqapro,all,43,1,101
kqapro,all,43,2,5
kqapro,all,43,3,1
kqapro,all,44,0,3095
kqapro,all,44,1,99
kqapro,all,44,2,2
kqapro,all,44,3,1
kqapro,all,45,0,3102
kqapro,all,45,1,92
kqapro,all,45,2,3
kqapro,all,46,0,3092
kqapro,all,46,1,102
kqapro,all,46,2,3
