dataset,domain,seed,query_count,sampled_negatives,pcn_count,affected_questions,mean_pcn_per_affected,median_pcn_per_affected
WikiTopics,art,42,9887,171929,5379,2186,2.460658737419945,1.0
WikiTopics,art,43,9887,171929,5180,2121,2.442244224422442,1.0
WikiTopics,art,44,9887,171929,5334,2140,2.492523364485981,1.0
WikiTopics,art,45,9887,171929,5311,2158,2.4610750695088046,1.0
WikiTopics,art,46,9887,171929,5236,2119,2.470976875884851,1.0
WikiTopics,award,42,9830,328713,20727,6185,3.351172190784155,2.0
WikiTopics,award,43,9830,328713,20639,6197,3.330482491528159,2.0
WikiTopics,award,44,9830,328713,20682,6193,3.3395769417083803,2.0
WikiTopics,award,45,9830,328713,20694,6202,3.3366655917445986,2.0
WikiTopics,award,46,9830,328713,20630,6215,3.319388576025744,2.0
WikiTopics,edu,42,9785,169486,9916,3865,2.565588615782665,2.0
WikiTopics,edu,43,9785,169486,10007,3906,2.5619559651817716,2.0
WikiTopics,edu,44,9785,169486,10028,3906,2.567332309267793,2.0
WikiTopics,edu,45,9785,169486,10043,3928,2.5567718940936865,1.0
WikiTopics,edu,46,9785,169486,9984,3839,2.6006772597030476,2.0
WikiTopics,health,42,9920,288425,12416,4260,2.9145539906103286,2.0
WikiTopics,health,43,9920,288425,12440,4221,2.947168917318171,2.0
WikiTopics,health,44,9920,288425,12455,4244,2.934731385485391,2.0
WikiTopics,health,45,9920,288425,12434,4156,2.9918190567853706,2.0
WikiTopics,health,46,9920,288425,12360,4193,2.947770093012163,2.0
WikiTopics,infra,42,9933,185122,9820,4044,2.4282888229475765,1.0
WikiTopics,infra,43,9933,185122,9783,4053,2.4137675795706883,1.0
WikiTopics,infra,44,9933,185122,9697,3996,2.4266766766766765,1.0
WikiTopics,infra,45,9933,185122,9732,4025,2.417888198757764,1.0
WikiTopics,infra,46,9933,185122,9859,4055,2.431319358816276,1.0
WikiTopics,loc,42,3997,116457,2414,1384,1.7442196531791907,1.0
WikiTopics,loc,43,3997,116457,2486,1426,1.7433380084151473,1.0
WikiTopics,loc,44,3997,116457,2441,1395,1.749820788530466,1.0
WikiTopics,loc,45,3997,116457,2431,1370,1.7744525547445256,1.0
WikiTopics,loc,46,3997,116457,2347,1334,1.7593703148425788,1.0
WikiTopics,org,42,3952,140793,12174,2373,5.130214917825537,4.0
WikiTopics,org,43,3952,140793,12100,2348,5.153321976149915,4.0
WikiTopics,org,44,3952,140793,12213,2384,5.122902684563758,4.0
WikiTopics,org,45,3952,140793,11931,2337,5.105263157894737,4.0
WikiTopics,org,46,3952,140793,11962,2364,5.060067681895093,4.0
WikiTopics,people,42,9875,146161,2436,1577,1.544705136334813,1.0
WikiTopics,people,43,9875,146161,2504,1595,1.5699059561128528,1.0
WikiTopics,people,44,9875,146161,2474,1563,1.582853486884197,1.0
WikiTopics,people,45,9875,146161,2484,1592,1.5603015075376885,1.0
WikiTopics,people,46,9875,146161,2521,1604,1.5716957605985038,1.0
WikiTopics,sci,42,9491,141448,8512,3292,2.5856622114216283,1.0
WikiTopics,sci,43,9491,141448,8492,3318,2.559373116335142,1.0
WikiTopics,sci,44,9491,141448,8489,3258,2.6055862492326582,1.0
WikiTopics,sci,45,9491,141448,8486,3355,2.529359165424739,1.0
WikiTopics,sci,46,9491,141448,8510,3297,2.581134364573855,1.0
WikiTopics,sport,42,3964,130978,1195,589,2.0288624787775893,1.0
WikiTopics,sport,43,3964,130978,1181,583,2.025728987993139,1.0
WikiTopics,sport,44,3964,130978,1164,576,2.0208333333333335,1.0
WikiTopics,sport,45,3964,130978,1188,566,2.0989399293286217,1.0
WikiTopics,sport,46,3964,130978,1208,599,2.01669449081803,1.0
WikiTopics,tax,42,7563,157489,5991,2104,2.847433460076046,2.0
WikiTopics,tax,43,7563,157489,5880,2033,2.8922774225282835,2.0
WikiTopics,tax,44,7563,157489,5819,2055,2.8316301703163016,2.0
WikiTopics,tax,45,7563,157489,5898,2070,2.8492753623188407,2.0
WikiTopics,tax,46,7563,157489,5764,2054,2.8062317429406036,2.0
WikiTopics,pooled_questions,42,88197,1977001,90980,31859,2.855707963212907,2.0
WikiTopics,pooled_questions,43,88197,1977001,90692,31801,2.8518600044023774,2.0
WikiTopics,pooled_questions,44,88197,1977001,90796,31710,2.863323872595396,2.0
WikiTopics,pooled_questions,45,88197,1977001,90632,31759,2.8537422462923896,2.0
WikiTopics,pooled_questions,46,88197,1977001,90381,31673,2.8535661288794874,2.0
MetaQA-3hop-vanilla,all,42,114196,2832418,334303,71753,4.659080456566276,2.0
MetaQA-3hop-vanilla,all,43,114196,2832418,334371,71836,4.6546439111309095,2.0
MetaQA-3hop-vanilla,all,44,114196,2832418,334723,72054,4.645446470702528,2.0
MetaQA-3hop-vanilla,all,45,114196,2832418,334495,71716,4.66416141446818,2.0
MetaQA-3hop-vanilla,all,46,114196,2832418,334365,71966,4.646152349720701,2.0
pathquestion,all,42,5537,11478,1004,961,1.04474505723205,1.0
pathquestion,all,43,5537,11478,1020,977,1.0440122824974412,1.0
pathquestion,all,44,5537,11478,996,958,1.0396659707724425,1.0
pathquestion,all,45,5537,11478,1024,980,1.0448979591836736,1.0
pathquestion,all,46,5537,11478,1004,959,1.0469238790406674,1.0
kqapro,all,42,3197,7557,120,116,1.0344827586206897,1.0
kqapro,all,43,3197,7557,114,107,1.0654205607476634,1.0
kqapro,all,44,3197,7557,106,102,1.0392156862745099,1.0
kqapro,all,45,3197,7557,98,95,1.0315789473684212,1.0
kqapro,all,46,3197,7557,108,105,1.0285714285714285,1.0
