dataset,strategy,seed,reciprocal_rank,answer_reach_10,answer_reach_5
WikiTopics,baseline,42,0.060282053790360675,0.12341808681213494,0.07692303966707031
WikiTopics,baseline,43,0.060659928952477446,0.12287738331601962,0.07656072461539254
WikiTopics,baseline,44,0.06038602828812447,0.12425475002003622,0.0766868606662192
WikiTopics,baseline,45,0.06100881002306424,0.12401536050810212,0.0768633715014154
WikiTopics,baseline,46,0.06038467903151612,0.12266627980439383,0.07615961401504437
WikiTopics,random_mask,42,0.06052438266529086,0.12359624554756779,0.07737374062797163
WikiTopics,random_mask,43,0.061470285792920104,0.12509320336625543,0.07779520275256162
WikiTopics,random_mask,44,0.060761523341958563,0.12445573930522964,0.0766055014331327
WikiTopics,random_mask,45,0.06078668208563562,0.123622033934452,0.07737194217147846
WikiTopics,random_mask,46,0.06030689849418147,0.12306587774555057,0.07620119692309114
WikiTopics,pcn_mask,42,0.06284713776470598,0.12817977325746727,0.07979712434476524
WikiTopics,pcn_mask,43,0.06339729556294832,0.12904566272909773,0.08123630713934858
WikiTopics,pcn_mask,44,0.06302973936389696,0.1282485807482003,0.08057373658766302
WikiTopics,pcn_mask,45,0.06318201800193919,0.12943202213773425,0.08127081102335036
WikiTopics,pcn_mask,46,0.06312590490400175,0.1280144883149364,0.0807910630696316
WikiTopics,positive_relabel,42,0.0626429500218319,0.12803520352019307,0.07991433102642787
WikiTopics,positive_relabel,43,0.06337416287949192,0.1280171721694986,0.08027361108848521
WikiTopics,positive_relabel,44,0.06269575547500834,0.12877841236429827,0.08093021030641631
WikiTopics,positive_relabel,45,0.06347474022221673,0.1301062574605478,0.08142939024639656
WikiTopics,positive_relabel,46,0.06340552590279568,0.1291015884571299,0.08210793169916407
MetaQA-3hop-vanilla,baseline,42,0.1919223282530208,0.36450889729578256,0.30299845873616366
MetaQA-3hop-vanilla,baseline,43,0.2074185971552133,0.33669609079445145,0.2774975479893513
MetaQA-3hop-vanilla,baseline,44,0.22243953233089286,0.34461258231750036,0.29227966932884963
MetaQA-3hop-vanilla,baseline,45,0.21140688515613434,0.3357853439820653,0.2793190416141236
MetaQA-3hop-vanilla,baseline,46,0.2099180905779412,0.34223062911587504,0.2847134650413339
MetaQA-3hop-vanilla,random_mask,42,0.21121297866824307,0.3376768950539442,0.28254168418102843
MetaQA-3hop-vanilla,random_mask,43,0.22599858913256102,0.3575031525851198,0.3035589183130167
MetaQA-3hop-vanilla,random_mask,44,0.19321102669706472,0.3369062631357713,0.2701415160431554
MetaQA-3hop-vanilla,random_mask,45,0.200717029985622,0.34054925038531597,0.2836626033347345
MetaQA-3hop-vanilla,random_mask,46,0.20173735481262,0.34734482275465883,0.28282191396945494
MetaQA-3hop-vanilla,pcn_mask,42,0.23292843047320064,0.3867871654756901,0.32520666946896454
MetaQA-3hop-vanilla,pcn_mask,43,0.21827871519216818,0.3919013591144739,0.31483816729718367
MetaQA-3hop-vanilla,pcn_mask,44,0.22057265022703518,0.40668348045397223,0.3406193078324226
MetaQA-3hop-vanilla,pcn_mask,45,0.2244910309796334,0.40689365279529216,0.33900798654897013
MetaQA-3hop-vanilla,pcn_mask,46,0.21298470556222554,0.38566624632198404,0.3122460417542385
MetaQA-3hop-vanilla,positive_relabel,42,0.17980709019569788,0.36934286114613984,0.275676054364579
MetaQA-3hop-vanilla,positive_relabel,43,0.18530178682471016,0.3662603334734482,0.2706319181729018
MetaQA-3hop-vanilla,positive_relabel,44,0.17514572971189088,0.36324786324786323,0.2697211713605156
MetaQA-3hop-vanilla,positive_relabel,45,0.23302871459583624,0.405982905982906,0.3330531035449068
MetaQA-3hop-vanilla,positive_relabel,46,0.1963806563274062,0.3784503292700014,0.2909485778338237
pathquestion,baseline,42,0.4214445671750442,0.810126582278481,0.6568213783403657
pathquestion,baseline,43,0.43902515867118536,0.8087201125175809,0.6736990154711674
pathquestion,baseline,44,0.4217020026683306,0.8016877637130801,0.6610407876230661
pathquestion,baseline,45,0.4332371294228257,0.819971870604782,0.6821378340365682
pathquestion,baseline,46,0.43046154654149804,0.8143459915611815,0.6694796061884669
pathquestion,random_mask,42,0.4268124970164255,0.8073136427566807,0.680731364275668
pathquestion,random_mask,43,0.4449586761922153,0.8157524613220816,0.6863572433192686
pathquestion,random_mask,44,0.44265066372255757,0.8129395218002813,0.679324894514768
pathquestion,random_mask,45,0.43750212110240316,0.8255977496483825,0.6877637130801688
pathquestion,random_mask,46,0.4304493729080531,0.8087201125175809,0.6722925457102672
pathquestion,pcn_mask,42,0.455265646979792,0.8213783403656821,0.69901547116737
pathquestion,pcn_mask,43,0.45745409651362495,0.8171589310829818,0.6877637130801688
pathquestion,pcn_mask,44,0.44830340403820945,0.8087201125175809,0.680731364275668
pathquestion,pcn_mask,45,0.4453646126287948,0.8241912798874824,0.6976090014064698
pathquestion,pcn_mask,46,0.4484396864574765,0.8143459915611815,0.6821378340365682
pathquestion,positive_relabel,42,0.4533944880009159,0.8213783403656821,0.6877637130801688
pathquestion,positive_relabel,43,0.4488088069665415,0.8213783403656821,0.6821378340365682
pathquestion,positive_relabel,44,0.44559930380785223,0.8115330520393812,0.6877637130801688
pathquestion,positive_relabel,45,0.4385913637701864,0.8129395218002813,0.679324894514768
pathquestion,positive_relabel,46,0.45369017336986944,0.8171589310829818,0.6877637130801688
kqapro,baseline,42,0.20260743884525645,0.42735042735042733,0.28205128205128205
kqapro,baseline,43,0.21127499976959713,0.452991452991453,0.2905982905982906
kqapro,baseline,44,0.21466318548468233,0.4252136752136752,0.3034188034188034
kqapro,baseline,45,0.17527057941558094,0.35683760683760685,0.24786324786324787
kqapro,baseline,46,0.19522787256008325,0.4188034188034188,0.27136752136752135
kqapro,random_mask,42,0.2017554550768313,0.42948717948717946,0.2841880341880342
kqapro,random_mask,43,0.22128649576098822,0.452991452991453,0.2905982905982906
kqapro,random_mask,44,0.21906748696913675,0.4188034188034188,0.3076923076923077
kqapro,random_mask,45,0.17810085528240635,0.3525641025641026,0.24572649572649571
kqapro,random_mask,46,0.19838736775770494,0.41452991452991456,0.2777777777777778
kqapro,pcn_mask,42,0.2034900745490924,0.42735042735042733,0.2841880341880342
kqapro,pcn_mask,43,0.21906569537535217,0.4551282051282051,0.2863247863247863
kqapro,pcn_mask,44,0.22899845989373965,0.45085470085470086,0.32051282051282054
kqapro,pcn_mask,45,0.20446368336186072,0.40384615384615385,0.27350427350427353
kqapro,pcn_mask,46,0.19962401484574818,0.4188034188034188,0.27564102564102566
kqapro,positive_relabel,42,0.20703229181856364,0.42948717948717946,0.2948717948717949
kqapro,positive_relabel,43,0.21927962437657775,0.44871794871794873,0.29273504273504275
kqapro,positive_relabel,44,0.22969004932614995,0.4465811965811966,0.31837606837606836
kqapro,positive_relabel,45,0.20857331245176514,0.41025641025641024,0.2777777777777778
kqapro,positive_relabel,46,0.2022254564911609,0.41239316239316237,0.2799145299145299
kqapro,all_shortest,42,0.3090210992050692,0.5982905982905983,0.45726495726495725
kqapro,all_shortest,43,0.3168665291231118,0.6111111111111112,0.452991452991453
kqapro,all_shortest,44,0.32530724591599935,0.6068376068376068,0.4465811965811966
kqapro,all_shortest,45,0.31499516687887025,0.6196581196581197,0.4636752136752137
kqapro,all_shortest,46,0.3227631615649584,0.6004273504273504,0.4423076923076923
pathquestion,all_shortest,42,0.46228583755257413,0.8143459915611815,0.6877637130801688
pathquestion,all_shortest,43,0.47035744877360325,0.8185654008438819,0.6933895921237694
pathquestion,all_shortest,44,0.4720193327849018,0.8270042194092827,0.70042194092827
pathquestion,all_shortest,45,0.46665490189199055,0.8284106891701828,0.7060478199718706
pathquestion,all_shortest,46,0.4643602741777797,0.8185654008438819,0.7046413502109705
