scope,domain,query_count,candidate_count,oracle_reachable_query_count,candidate_oracle_reach,mean_candidate_count
domain,art,9872,914023,2084,0.21110210696920584,92.58741896272285
domain,award,9833,890646,3075,0.3127224651683108,90.57723990643751
domain,edu,9746,853095,3874,0.3974964087830905,87.53283398317258
domain,health,9895,901843,4014,0.4056594239514906,91.14128347650329
domain,infra,9952,894072,5849,0.5877210610932476,89.83842443729904
domain,loc,3997,365222,1067,0.26695021265949465,91.37403052289217
domain,org,3973,364724,805,0.202617669267556,91.80065441731689
domain,people,9848,897713,3838,0.3897238017871649,91.15688464662875
domain,sci,9312,812296,4090,0.43921821305841924,87.23109965635739
domain,sport,3966,361248,581,0.1464952092788704,91.08623298033282
domain,tax,7679,716149,1851,0.2410470113296002,93.26071103008204
equal_domain_macro,ALL,88073,,31128,0.32734123484967736,
