domain,sampled_negative_count,path_consistent_negative_count,path_consistent_negative_rate,query_count,affected_query_count_across_seeds,affected_query_rate_across_seeds
art,859445,26281,0.03057903647121107,9876,4437,0.44927095990279464
award,1639900,103416,0.06306238185255199,9810,8296,0.8456676860346585
edu,846250,49808,0.058857311669128505,9765,6558,0.6715821812596006
health,1435195,62180,0.04332512306690032,9865,6631,0.6721743537759757
infra,922620,48910,0.05301207431011684,9873,6923,0.7012053074040312
loc,581265,12237,0.021052359939098347,3989,2491,0.6244672850338431
org,704355,60460,0.0858373973351506,3947,2775,0.7030656194578161
people,725525,12218,0.016840219151648805,9810,3787,0.38603465851172275
sci,705320,42115,0.05971048602052969,9464,5924,0.6259509721048182
sport,654245,5918,0.009045541043492882,3958,1264,0.3193532086912582
tax,786050,28979,0.03686661153870619,7539,3727,0.4943626475659902
