domain,method,query_count,metric,mean,standard_deviation,minimum,maximum,range,variant_2718_seed_average,variant_3141_seed_average,variant_5772_seed_average
art,baseline,9460,answer_path_mrr,0.030267765567432364,6.636269262207876e-05,0.030177310958131736,0.03033466043309637,0.00015734947496463467,0.030291325311068974,0.030177310958131736,0.03033466043309637
art,baseline,9460,answer_reach_10,0.06575052854122622,0.0005556139068196442,0.06498942917547569,0.06630021141649048,0.001310782241014788,0.06630021141649048,0.06498942917547569,0.06596194503171247
art,ours,9460,answer_path_mrr,0.03288150455960863,0.00040983230066092335,0.03251219502855262,0.03345300764773986,0.0009408126191872423,0.03345300764773986,0.03251219502855262,0.03267931100253341
art,ours,9460,answer_reach_10,0.07021141649048625,0.000685067727104419,0.0692600422832981,0.07084566596194503,0.0015856236786469247,0.07084566596194503,0.0692600422832981,0.07052854122621563
award,baseline,9630,answer_path_mrr,0.05348296143925965,0.0005421875277162335,0.05298251463611838,0.05423629091387634,0.0012537762777579606,0.05423629091387634,0.05298251463611838,0.053230078767784225
award,baseline,9630,answer_reach_10,0.12161993769470404,0.0005286779672422718,0.12124610591900312,0.1223676012461059,0.0011214953271027894,0.1223676012461059,0.12124610591900312,0.12124610591900312
award,ours,9630,answer_path_mrr,0.053175050682551565,0.0007061095688556502,0.05266770595753343,0.054173596915149703,0.0015058909576162738,0.054173596915149703,0.05266770595753343,0.052683849174971556
award,ours,9630,answer_reach_10,0.11967462789892697,0.0009417567306192262,0.11867082035306335,0.12093457943925234,0.0022637590861889906,0.12093457943925234,0.11941848390446522,0.11867082035306335
edu,baseline,8353,answer_path_mrr,0.08058602975899103,0.0006046717810440527,0.07986125425866565,0.08134144079063022,0.001480186531964564,0.08055539422767723,0.08134144079063022,0.07986125425866565
edu,baseline,8353,answer_reach_10,0.15627918113252723,0.0010677473725437983,0.15477074105111938,0.15709325990662037,0.002322518855500999,0.15709325990662037,0.15697354243984196,0.15477074105111938
edu,ours,8353,answer_path_mrr,0.08370917224110414,0.0006395876498865758,0.08284027561227822,0.08436127286803036,0.0015209972557521378,0.08436127286803036,0.08392596824300382,0.08284027561227822
edu,ours,8353,answer_reach_10,0.1605171794564827,0.0016263960443186189,0.15821860409433736,0.16173829761762243,0.0035196935232850723,0.16173829761762243,0.16159463665748833,0.15821860409433736
health,baseline,9658,answer_path_mrr,0.07557237635790603,0.00022693692449045306,0.07527063586672085,0.07581793059649782,0.0005472947297769648,0.07527063586672085,0.07581793059649782,0.07562856261049945
health,baseline,9658,answer_reach_10,0.17064264513011665,0.0015677580801080515,0.1693725408987368,0.17285152205425552,0.003478981155518729,0.16970387243735763,0.1693725408987368,0.17285152205425552
health,ours,9658,answer_path_mrr,0.08430146050939845,0.0006933596674259986,0.08373487119692392,0.08527783081508666,0.0015429596181627397,0.08373487119692392,0.08527783081508666,0.08389167951618473
health,ours,9658,answer_reach_10,0.1843721957617174,0.0004692848245125447,0.18384758749223443,0.1849865396562435,0.0011389521640090827,0.18428246013667426,0.1849865396562435,0.18384758749223443
infra,baseline,8851,answer_path_mrr,0.15058869871473976,0.0004724994680733995,0.14993918987733426,0.15104942123114778,0.0011102313538135233,0.15104942123114778,0.1507774850357372,0.14993918987733426
infra,baseline,8851,answer_reach_10,0.2902572214062441,0.000544295613004651,0.28959439611343346,0.29092757880465486,0.0013331826912214018,0.29092757880465486,0.290249689300644,0.28959439611343346
infra,ours,8851,answer_path_mrr,0.1533234382877422,0.0001409473948609785,0.15313532859462006,0.1534745922559451,0.00033926366132502883,0.1533603940126614,0.1534745922559451,0.15313532859462006
infra,ours,8851,answer_reach_10,0.2950175121455203,0.0008215866664873044,0.2941588521071065,0.296124731668738,0.0019658795616314673,0.296124731668738,0.2941588521071065,0.29476895266071634
loc,baseline,3683,answer_path_mrr,0.07643095465977649,0.0005124347812980409,0.075733482927731,0.07695008417261169,0.0012166012448806968,0.075733482927731,0.07695008417261169,0.0766092968789868
loc,baseline,3683,answer_reach_10,0.14690922255407732,0.0009878007891857936,0.14613087157208798,0.14830301384740702,0.0021721422753190334,0.1462937822427369,0.14830301384740702,0.14613087157208798
loc,ours,3683,answer_path_mrr,0.07790452933068946,0.000886717396839367,0.07677791092882966,0.07894475555294438,0.0021668446241147193,0.07677791092882966,0.07799092151029433,0.07894475555294438
loc,ours,3683,answer_reach_10,0.14790478776359853,0.0003357269796541068,0.1474341569372794,0.14819440673364107,0.0007602497963616617,0.14819440673364107,0.14808579961987509,0.1474341569372794
org,baseline,3897,answer_path_mrr,0.012158326086840579,2.8524528499655104e-05,0.01211820352775451,0.012182007902045652,6.380437429114212e-05,0.012174766830721577,0.01211820352775451,0.012182007902045652
org,baseline,3897,answer_reach_10,0.022769651868959028,0.0006106087861628517,0.022068257634077496,0.023556581986143188,0.0014883243520656918,0.023556581986143188,0.022684115986656404,0.022068257634077496
org,ours,3897,answer_path_mrr,0.012158326086840579,2.8524528499655104e-05,0.01211820352775451,0.012182007902045652,6.380437429114212e-05,0.012174766830721577,0.01211820352775451,0.012182007902045652
org,ours,3897,answer_reach_10,0.022769651868959028,0.0006106087861628517,0.022068257634077496,0.023556581986143188,0.0014883243520656918,0.023556581986143188,0.022684115986656404,0.022068257634077496
people,baseline,8827,answer_path_mrr,0.09591508580234082,0.0003435885993615703,0.09544717945425056,0.09626251772100139,0.0008153382667508285,0.09626251772100139,0.09603556023177051,0.09544717945425056
people,baseline,8827,answer_reach_10,0.19218307465730147,0.0004006430938370846,0.19188852384728675,0.1927495185227144,0.0008609946754276621,0.1927495185227144,0.19188852384728675,0.19191118160190326
people,ours,8827,answer_path_mrr,0.09781527399443611,0.00020854804634850118,0.09756830370484379,0.0980783753578377,0.0005100716529939098,0.09756830370484379,0.09779914292062684,0.0980783753578377
people,ours,8827,answer_reach_10,0.1938219855745629,0.0006369296821814264,0.19320267361504476,0.1946980854197349,0.00149541180469015,0.19356519768890904,0.19320267361504476,0.1946980854197349
sci,baseline,8718,answer_path_mrr,0.061703780362520895,0.0007367395278159776,0.06081370018785722,0.06261785739911449,0.0018041572112572693,0.06167978350059098,0.06081370018785722,0.06261785739911449
sci,baseline,8718,answer_reach_10,0.14724325151028525,0.0013226902590103128,0.14585914200504702,0.1490250057352604,0.0031658637302133807,0.14585914200504702,0.14684560679054828,0.1490250057352604
sci,ours,8718,answer_path_mrr,0.06601871146667536,0.0008699194476524893,0.06480315733021028,0.06679068620266844,0.0019875288724581636,0.06646229086714733,0.06480315733021028,0.06679068620266844
sci,ours,8718,answer_reach_10,0.1578343656802019,0.0002797176899621072,0.15744436797430603,0.15808671713695804,0.0006423491626520172,0.15808671713695804,0.15797201192934157,0.15744436797430603
sport,baseline,3468,answer_path_mrr,0.029084495314054788,0.0005734487724495991,0.02832089438441478,0.029702834268608737,0.0013819398841939563,0.02832089438441478,0.029229757289140845,0.029702834268608737
sport,baseline,3468,answer_reach_10,0.055440215301807004,0.0009350547102664601,0.05461361014994233,0.05674740484429066,0.00213379469434833,0.05495963091118801,0.05461361014994233,0.05674740484429066
sport,ours,3468,answer_path_mrr,0.02905898633330802,0.0005826779571614113,0.028462040928006038,0.029849406736389993,0.001387365808383955,0.028462040928006038,0.028865511335528022,0.029849406736389993
sport,ours,3468,answer_reach_10,0.05542099192618224,0.0012014225291810659,0.053979238754325254,0.05692041522491349,0.0029411764705882387,0.05536332179930796,0.053979238754325254,0.05692041522491349
tax,baseline,7108,answer_path_mrr,0.025462612768339384,0.00031415215728312353,0.025018732946179602,0.025700843612419276,0.0006821106662396742,0.025700843612419276,0.025668261746419275,0.025018732946179602
tax,baseline,7108,answer_reach_10,0.04872444194335022,0.0008091073654544986,0.0475801913337085,0.04929656724817107,0.0017163759144625743,0.04929656724817107,0.04929656724817107,0.0475801913337085
tax,ours,7108,answer_path_mrr,0.025806847143998873,0.00047275039673659196,0.02516663624122286,0.026293796553614173,0.0011271603123913128,0.025960108637159578,0.026293796553614173,0.02516663624122286
tax,ours,7108,answer_reach_10,0.04953104483211405,0.0015511006760965296,0.04760832864378166,0.05140686550365785,0.0037985368598761893,0.049577940348902644,0.05140686550365785,0.04760832864378166
