row_type,domain,method,metric,value,reference,difference_percentage_points,ci_low_percentage_points,ci_high_percentage_points
domain,art,baseline,reciprocal_rank,0.034668725539414046,,,,
domain,art,baseline,answer_reach_10,0.07240680713128038,,,,
domain,art,baseline,answer_reach_5,0.04426661264181524,,,,
domain,art,tuned_strategy,reciprocal_rank,0.03669728889404557,,,,
domain,art,tuned_strategy,answer_reach_10,0.0757293354943274,,,,
domain,art,tuned_strategy,answer_reach_5,0.04758914100486224,,,,
domain,art,matched_random_masking,reciprocal_rank,0.03527100543926143,,,,
domain,art,matched_random_masking,answer_reach_10,0.0730551053484603,,,,
domain,art,matched_random_masking,answer_reach_5,0.04519854132901134,,,,
domain,art,fixed_masking,reciprocal_rank,0.03669728889404557,,,,
domain,art,fixed_masking,answer_reach_10,0.0757293354943274,,,,
domain,art,fixed_masking,answer_reach_5,0.04758914100486224,,,,
domain,award,baseline,reciprocal_rank,0.05246332849316882,,,,
domain,award,baseline,answer_reach_10,0.1206956168005695,,,,
domain,award,baseline,answer_reach_5,0.07444320146445642,,,,
domain,award,tuned_strategy,reciprocal_rank,0.052373890952580035,,,,
domain,award,tuned_strategy,answer_reach_10,0.12193633682497712,,,,
domain,award,tuned_strategy,answer_reach_5,0.07487033458761315,,,,
domain,award,matched_random_masking,reciprocal_rank,0.05241041256012829,,,,
domain,award,matched_random_masking,answer_reach_10,0.12104139123360115,,,,
domain,award,matched_random_masking,answer_reach_5,0.0740160683412997,,,,
domain,award,fixed_masking,reciprocal_rank,0.05074102539129836,,,,
domain,award,fixed_masking,answer_reach_10,0.11919048103325536,,,,
domain,award,fixed_masking,answer_reach_5,0.07124987287704668,,,,
domain,edu,baseline,reciprocal_rank,0.06969655134602896,,,,
domain,edu,baseline,answer_reach_10,0.1353991381079417,,,,
domain,edu,baseline,answer_reach_5,0.08384978452698544,,,,
domain,edu,tuned_strategy,reciprocal_rank,0.0761141951461069,,,,
domain,edu,tuned_strategy,answer_reach_10,0.14514672686230248,,,,
domain,edu,tuned_strategy,answer_reach_5,0.09265339626513441,,,,
domain,edu,matched_random_masking,reciprocal_rank,0.06978179565051022,,,,
domain,edu,matched_random_masking,answer_reach_10,0.13480402216293863,,,,
domain,edu,matched_random_masking,answer_reach_5,0.08438333675353991,,,,
domain,edu,fixed_masking,reciprocal_rank,0.0761141951461069,,,,
domain,edu,fixed_masking,answer_reach_10,0.14514672686230248,,,,
domain,edu,fixed_masking,answer_reach_5,0.09265339626513441,,,,
domain,health,baseline,reciprocal_rank,0.0692946573656302,,,,
domain,health,baseline,answer_reach_10,0.15668519454269833,,,,
domain,health,baseline,answer_reach_5,0.0923698837796867,,,,
domain,health,tuned_strategy,reciprocal_rank,0.07537548067215667,,,,
domain,health,tuned_strategy,answer_reach_10,0.1700454775138959,,,,
domain,health,tuned_strategy,answer_reach_5,0.1025568468923699,,,,
domain,health,matched_random_masking,reciprocal_rank,0.0693121936816413,,,,
domain,health,matched_random_masking,answer_reach_10,0.1566245578575038,,,,
domain,health,matched_random_masking,answer_reach_5,0.0931177362304194,,,,
domain,health,fixed_masking,reciprocal_rank,0.07537548067215667,,,,
domain,health,fixed_masking,answer_reach_10,0.1700454775138959,,,,
domain,health,fixed_masking,answer_reach_5,0.1025568468923699,,,,
domain,infra,baseline,reciprocal_rank,0.15009748872822926,,,,
domain,infra,baseline,answer_reach_10,0.2916197749196141,,,,
domain,infra,baseline,answer_reach_5,0.18995176848874598,,,,
domain,infra,tuned_strategy,reciprocal_rank,0.15257177036759184,,,,
domain,infra,tuned_strategy,answer_reach_10,0.2969855305466238,,,,
domain,infra,tuned_strategy,answer_reach_5,0.1944533762057878,,,,
domain,infra,matched_random_masking,reciprocal_rank,0.15095226976041906,,,,
domain,infra,matched_random_masking,answer_reach_10,0.2942524115755627,,,,
domain,infra,matched_random_masking,answer_reach_5,0.19232315112540194,,,,
domain,infra,fixed_masking,reciprocal_rank,0.15257177036759184,,,,
domain,infra,fixed_masking,answer_reach_10,0.2969855305466238,,,,
domain,infra,fixed_masking,answer_reach_5,0.1944533762057878,,,,
domain,loc,baseline,reciprocal_rank,0.07542133716778318,,,,
domain,loc,baseline,answer_reach_10,0.14235676757568178,,,,
domain,loc,baseline,answer_reach_5,0.09752314235676758,,,,
domain,loc,tuned_strategy,reciprocal_rank,0.07723409167607871,,,,
domain,loc,tuned_strategy,answer_reach_10,0.14545909432074056,,,,
domain,loc,tuned_strategy,answer_reach_5,0.09967475606705029,,,,
domain,loc,matched_random_masking,reciprocal_rank,0.07593823760025101,,,,
domain,loc,matched_random_masking,answer_reach_10,0.14235676757568178,,,,
domain,loc,matched_random_masking,answer_reach_5,0.09692269201901425,,,,
domain,loc,fixed_masking,reciprocal_rank,0.07723409167607871,,,,
domain,loc,fixed_masking,answer_reach_10,0.14545909432074056,,,,
domain,loc,fixed_masking,answer_reach_5,0.09967475606705029,,,,
domain,org,baseline,reciprocal_rank,0.0128109270220477,,,,
domain,org,baseline,answer_reach_10,0.029851497608859807,,,,
domain,org,baseline,answer_reach_5,0.012937326956959476,,,,
domain,org,tuned_strategy,reciprocal_rank,0.013152660525371352,,,,
domain,org,tuned_strategy,answer_reach_10,0.03070727410017619,,,,
domain,org,tuned_strategy,answer_reach_5,0.01303800654417317,,,,
domain,org,matched_random_masking,reciprocal_rank,0.012916433483757534,,,,
domain,org,matched_random_masking,answer_reach_10,0.02975081802164611,,,,
domain,org,matched_random_masking,answer_reach_5,0.012333249433677322,,,,
domain,org,fixed_masking,reciprocal_rank,0.012098536845962902,,,,
domain,org,fixed_masking,answer_reach_10,0.023710042788824565,,,,
domain,org,fixed_masking,answer_reach_5,0.009514220991693934,,,,
domain,people,baseline,reciprocal_rank,0.09677375910764381,,,,
domain,people,baseline,answer_reach_10,0.18629163281884645,,,,
domain,people,baseline,answer_reach_5,0.12520308692120227,,,,
domain,people,tuned_strategy,reciprocal_rank,0.09715386380795511,,,,
domain,people,tuned_strategy,answer_reach_10,0.18803818034118602,,,,
domain,people,tuned_strategy,answer_reach_5,0.12632006498781478,,,,
domain,people,matched_random_masking,reciprocal_rank,0.09649086380286456,,,,
domain,people,matched_random_masking,answer_reach_10,0.18708367181153535,,,,
domain,people,matched_random_masking,answer_reach_5,0.12497969130787977,,,,
domain,people,fixed_masking,reciprocal_rank,0.09715386380795511,,,,
domain,people,fixed_masking,answer_reach_10,0.18803818034118602,,,,
domain,people,fixed_masking,answer_reach_5,0.12632006498781478,,,,
domain,sci,baseline,reciprocal_rank,0.051395410272190516,,,,
domain,sci,baseline,answer_reach_10,0.11823453608247422,,,,
domain,sci,baseline,answer_reach_5,0.05889175257731959,,,,
domain,sci,tuned_strategy,reciprocal_rank,0.06247175622223253,,,,
domain,sci,tuned_strategy,answer_reach_10,0.14718642611683846,,,,
domain,sci,tuned_strategy,answer_reach_5,0.07966065292096221,,,,
domain,sci,matched_random_masking,reciprocal_rank,0.052088402038784946,,,,
domain,sci,matched_random_masking,answer_reach_10,0.11990979381443298,,,,
domain,sci,matched_random_masking,answer_reach_5,0.06026632302405499,,,,
domain,sci,fixed_masking,reciprocal_rank,0.06247175622223253,,,,
domain,sci,fixed_masking,answer_reach_10,0.14718642611683846,,,,
domain,sci,fixed_masking,answer_reach_5,0.07966065292096221,,,,
domain,sport,baseline,reciprocal_rank,0.027756974345603043,,,,
domain,sport,baseline,answer_reach_10,0.053555219364599095,,,,
domain,sport,baseline,answer_reach_5,0.03358547655068078,,,,
domain,sport,tuned_strategy,reciprocal_rank,0.027755511294090034,,,,
domain,sport,tuned_strategy,answer_reach_10,0.05436207766011094,,,,
domain,sport,tuned_strategy,answer_reach_5,0.034190620272314676,,,,
domain,sport,matched_random_masking,reciprocal_rank,0.027846716525468777,,,,
domain,sport,matched_random_masking,answer_reach_10,0.05451336359051941,,,,
domain,sport,matched_random_masking,answer_reach_5,0.03408976298537569,,,,
domain,sport,fixed_masking,reciprocal_rank,0.02786349377629382,,,,
domain,sport,fixed_masking,answer_reach_10,0.05284921835602622,,,,
domain,sport,fixed_masking,answer_reach_5,0.03429147755925366,,,,
domain,tax,baseline,reciprocal_rank,0.025608140800458676,,,,
domain,tax,baseline,answer_reach_10,0.050813908060945434,,,,
domain,tax,baseline,answer_reach_5,0.03000390675869254,,,,
domain,tax,tuned_strategy,reciprocal_rank,0.025959107514764275,,,,
domain,tax,tuned_strategy,answer_reach_10,0.05008464643833833,,,,
domain,tax,tuned_strategy,answer_reach_5,0.030108086990493554,,,,
domain,tax,matched_random_masking,reciprocal_rank,0.025461168692887864,,,,
domain,tax,matched_random_masking,answer_reach_10,0.05024091678603985,,,,
domain,tax,matched_random_masking,answer_reach_5,0.03013413204844381,,,,
domain,tax,fixed_masking,reciprocal_rank,0.025959107514764275,,,,
domain,tax,fixed_masking,answer_reach_10,0.05008464643833833,,,,
domain,tax,fixed_masking,answer_reach_5,0.030108086990493554,,,,
equal_domain_macro,ALL,baseline,reciprocal_rank,0.06054430001710893,,,,
equal_domain_macro,ALL,baseline,answer_reach_10,0.12344637209213735,,,,
equal_domain_macro,ALL,baseline,answer_reach_5,0.07663872209302837,,,,
equal_domain_macro,ALL,matched_random_masking,reciprocal_rank,0.06076995447599773,,,,
equal_domain_macro,ALL,matched_random_masking,answer_reach_10,0.12396661997981108,,,,
equal_domain_macro,ALL,matched_random_masking,answer_reach_5,0.0770695167816471,,,,
equal_domain_macro,ALL,fixed_masking,reciprocal_rank,0.06311641911949879,,,,
equal_domain_macro,ALL,fixed_masking,answer_reach_10,0.1285841054374872,,,,
equal_domain_macro,ALL,fixed_masking,answer_reach_5,0.08073380843295176,,,,
equal_domain_macro,ALL,tuned_strategy,reciprocal_rank,0.06335087427936119,,,,
equal_domain_macro,ALL,tuned_strategy,answer_reach_10,0.12960737329268338,,,,
equal_domain_macro,ALL,tuned_strategy,answer_reach_5,0.08137411661259784,,,,
paired_bootstrap,ALL,fixed_masking,reciprocal_rank,,baseline,0.25721191023898626,0.22324921362491665,0.29189118952140797
paired_bootstrap,ALL,fixed_masking,answer_reach_10,,baseline,0.513773334534984,0.4428521018865923,0.5864397387340164
paired_bootstrap,ALL,fixed_masking,reciprocal_rank,,matched_random_masking,0.2346464643501065,0.2014426985434331,0.26855862179438217
paired_bootstrap,ALL,fixed_masking,answer_reach_10,,matched_random_masking,0.46174854576760993,0.39140048005934686,0.5326627546115452
paired_bootstrap,ALL,fixed_masking,reciprocal_rank,,tuned_strategy,-0.023445515986239566,-0.03688610933639032,-0.010043450999506836
paired_bootstrap,ALL,fixed_masking,answer_reach_10,,tuned_strategy,-0.10232678551961906,-0.13452723029194882,-0.07032644669842976
