dataset,control,difference_pp,ci_low_pp,ci_high_pp
WikiTopics,baseline,0.2572119102389862,0.22354661602477277,0.29147573899816454
MetaQA-3hop-vanilla,baseline,1.323001979221197,0.8252335354734661,1.8245755957322856
pathquestion,baseline,2.1791408427802637,1.4075639237443833,3.0040972610430865
kqapro,baseline,1.1319570390118603,0.6384088947124126,1.644980150786325
WikiTopics,random_mask,0.23464646435010628,0.20018073371414902,0.2696364594547684
MetaQA-3hop-vanilla,random_mask,1.5275710627630412,1.0220188651818825,2.0371335674963302
pathquestion,random_mask,1.4490823135248359,0.9119473804355873,1.996338258756124
kqapro,random_mask,0.7408853435745121,0.34640998996924216,1.1445775379024727
WikiTopics,positive_relabel,-0.00022077807704797424,-0.027444337902363558,0.026918132292035594
MetaQA-3hop-vanilla,positive_relabel,2.7918310955743335,2.5247992361998777,3.065235691053758
pathquestion,positive_relabel,0.2948662140506418,-0.30186363066026745,0.8751689826512101
kqapro,positive_relabel,-0.22317612876848833,-0.4535968880818476,-6.991483616016233e-05
