dataset,field,lower,upper,question_count,mean_apc_delta,mean_reach10_delta
pathquestion,training_topic_pcn_ratio,0,0.01,244,0.006232535262311134,0.009016393442622951
pathquestion,training_topic_pcn_ratio,0.01,0.05,91,0.013738939469917522,0.0021978021978021926
pathquestion,training_topic_pcn_ratio,0.05,0.1,121,0.02351859700495788,-1.8350793795457133e-18
pathquestion,training_topic_pcn_ratio,0.1,0.25,158,0.03757173392875728,0.010126582278481013
pathquestion,training_topic_pcn_ratio,0.25,1.01,76,0.04782314853226418,0.005263157894736842
pathquestion,maximum_answer_hops,1,2,270,0.05078821567178093,0.01111111111111111
pathquestion,maximum_answer_hops,2,3,239,0.004047752175242866,0.0016736401673640169
pathquestion,maximum_answer_hops,3,4,183,0.0044451387481079995,0.005464480874316936
kqapro,training_topic_pcn_ratio,0,0.01,164,0.0005001695190905228,0.0036585365853658534
kqapro,training_topic_pcn_ratio,0.01,0.05,13,0.0010309878382959504,0.0
kqapro,training_topic_pcn_ratio,0.05,0.1,2,0.007373737373737373,0.30000000000000004
kqapro,training_topic_pcn_ratio,0.1,0.25,7,0.0071430951832952855,-0.028571428571428574
kqapro,training_topic_pcn_ratio,0.25,1.01,4,0.013478283412493946,0.0
kqapro,maximum_answer_hops,1,2,305,0.011340016693426167,0.019672131147540985
kqapro,maximum_answer_hops,2,3,96,0.006664613797746852,0.004166666666666663
kqapro,maximum_answer_hops,3,4,66,0.018167438280254983,0.009090909090909089
