domain,sampled_negative_count,path_consistent_negative_count,path_consistent_negative_rate,query_count,affected_query_count_across_seeds,affected_query_rate_across_seeds
art,859645,26440,0.030756882201373823,9887,4416,0.4466471123697785
award,1643565,103372,0.06289498742063745,9830,8327,0.8471007121057986
edu,847430,49978,0.05897596261638129,9785,6622,0.6767501277465509
health,1442125,62105,0.04306492155673052,9920,6651,0.6704637096774193
infra,925610,48891,0.052820302287140374,9933,6963,0.7009966777408638
loc,582285,12119,0.02081283220416119,3997,2508,0.6274706029522141
org,703965,60380,0.08577130965317878,3952,2791,0.7062246963562753
people,730805,12419,0.016993589261157217,9875,3791,0.3838987341772152
sci,707240,42489,0.06007720151575137,9491,5936,0.625434622273733
sport,654890,5936,0.009064117638076623,3964,1285,0.324167507568113
tax,787445,29352,0.0372749842846167,7563,3784,0.5003305566574111
