domain,pcn_ratio,affected_ratio_any_seed,baseline_apc_mrr,random_mask_apc_mrr,pcn_mask_apc_mrr,positive_relabel_apc_mrr,mask_minus_original_difference,mask_minus_original_ci_low,mask_minus_original_ci_high
art,0.030756882201373823,0.4466471123697785,0.0346687255394141,0.03527100543926142,0.03669728889404559,0.036745961177465376,0.0020285633546315287,0.0013442680546176143,0.002735836375938832
award,0.06289498742063745,0.8471007121057986,0.05246332849316883,0.052410412560128204,0.05074102539129823,0.04971128290869417,-0.0017223031018704625,-0.0027414241195206864,-0.0006844121300552267
edu,0.05897596261638129,0.6767501277465509,0.06969655134602905,0.06978179565051024,0.07611419514610705,0.07458203229844443,0.006417643800077957,0.005210623071412663,0.007672621038696529
health,0.04306492155673052,0.6704637096774193,0.06929465736563048,0.06931219368164149,0.07537548067215627,0.07620513158111503,0.0060808233065264726,0.00469365331635464,0.0075016688907847155
infra,0.052820302287140374,0.7009966777408638,0.1500974887282293,0.15095226976041903,0.15257177036759184,0.1519000348264282,0.002474281639362567,0.001087388713829237,0.003883659612869527
loc,0.02081283220416119,0.6274706029522141,0.07542133716778313,0.07593823760025105,0.07723409167607874,0.07669586361987119,0.0018127545082955293,0.00019122331707880982,0.0034403142888720924
org,0.08577130965317878,0.7062246963562753,0.01281092702204771,0.01291643348375754,0.0120985368459629,0.011912167811615663,-0.0007123901760847987,-0.0014873840042763764,0.00010777133997743265
people,0.016993589261157217,0.3838987341772152,0.09677375910764413,0.09649086380286465,0.0971538638079552,0.09748329262754657,0.00038010470031131825,-0.00041997194394118053,0.001195242215284209
sci,0.06007720151575137,0.625434622273733,0.0513954102721905,0.05208840203878493,0.06247175622223238,0.06652043977776338,0.011076345950041998,0.009598753252866212,0.012533256995473724
sport,0.009064117638076623,0.324167507568113,0.027756974345603015,0.027846716525468766,0.027863493776293824,0.02778090286578993,0.00010651943069077726,-0.0007037496836401532,0.0009140092956848528
tax,0.0372749842846167,0.5003305566574111,0.025608140800458708,0.025461168692887854,0.02595910751476431,0.024767786408227483,0.0003509667143055983,-0.00045125009568383585,0.0011679636561960508
