scope,domain,method,seed,apc_mrr,answer_reach_10,answer_reach_5
domain,art,baseline,,0.034668725539414046,0.07240680713128038,0.04426661264181524
domain,art,matched_random,,0.03527100543926143,0.0730551053484603,0.04519854132901134
domain,art,ours,,0.03669728889404557,0.0757293354943274,0.04758914100486224
domain,award,baseline,,0.05246332849316882,0.1206956168005695,0.07444320146445642
domain,award,matched_random,,0.05241041256012829,0.12104139123360115,0.0740160683412997
domain,award,ours,,0.05074102539129836,0.11919048103325536,0.07124987287704668
domain,edu,baseline,,0.06969655134602896,0.1353991381079417,0.08384978452698544
domain,edu,matched_random,,0.06978179565051022,0.13480402216293863,0.08438333675353991
domain,edu,ours,,0.0761141951461069,0.14514672686230248,0.09265339626513441
domain,health,baseline,,0.0692946573656302,0.15668519454269833,0.0923698837796867
domain,health,matched_random,,0.0693121936816413,0.1566245578575038,0.0931177362304194
domain,health,ours,,0.07537548067215667,0.1700454775138959,0.1025568468923699
domain,infra,baseline,,0.15009748872822926,0.2916197749196141,0.18995176848874598
domain,infra,matched_random,,0.15095226976041906,0.2942524115755627,0.19232315112540194
domain,infra,ours,,0.15257177036759184,0.2969855305466238,0.1944533762057878
domain,loc,baseline,,0.07542133716778318,0.14235676757568178,0.09752314235676758
domain,loc,matched_random,,0.07593823760025101,0.14235676757568178,0.09692269201901425
domain,loc,ours,,0.07723409167607871,0.14545909432074056,0.09967475606705029
domain,org,baseline,,0.0128109270220477,0.029851497608859807,0.012937326956959476
domain,org,matched_random,,0.012916433483757534,0.02975081802164611,0.012333249433677322
domain,org,ours,,0.012098536845962902,0.023710042788824565,0.009514220991693934
domain,people,baseline,,0.09677375910764381,0.18629163281884645,0.12520308692120227
domain,people,matched_random,,0.09649086380286456,0.18708367181153535,0.12497969130787977
domain,people,ours,,0.09715386380795511,0.18803818034118602,0.12632006498781478
domain,sci,baseline,,0.051395410272190516,0.11823453608247422,0.05889175257731959
domain,sci,matched_random,,0.052088402038784946,0.11990979381443298,0.06026632302405499
domain,sci,ours,,0.06247175622223253,0.14718642611683846,0.07966065292096221
domain,sport,baseline,,0.027756974345603043,0.053555219364599095,0.03358547655068078
domain,sport,matched_random,,0.027846716525468777,0.05451336359051941,0.03408976298537569
domain,sport,ours,,0.02786349377629382,0.05284921835602622,0.03429147755925366
domain,tax,baseline,,0.025608140800458676,0.050813908060945434,0.03000390675869254
domain,tax,matched_random,,0.025461168692887864,0.05024091678603985,0.03013413204844381
domain,tax,ours,,0.025959107514764275,0.05008464643833833,0.030108086990493554
equal_domain_macro,ALL,baseline,,0.06054430001710893,0.12344637209213735,0.07663872209302837
equal_domain_macro,ALL,matched_random,,0.06076995447599773,0.12396661997981108,0.0770695167816471
equal_domain_macro,ALL,ours,,0.06311641911949879,0.1285841054374872,0.08073380843295176
per_seed_equal_domain_macro,ALL,baseline,42,0.060282053790361,0.12341808681213493,0.07692303966707031
per_seed_equal_domain_macro,ALL,matched_random,42,0.06052438266529128,0.12359624554756779,0.07737374062797163
per_seed_equal_domain_macro,ALL,ours,42,0.06284713776470627,0.12817977325746727,0.07979712434476524
per_seed_equal_domain_macro,ALL,baseline,43,0.06065992895247781,0.12287738331601962,0.07656072461539255
per_seed_equal_domain_macro,ALL,matched_random,43,0.061470285792920534,0.12509320336625543,0.07779520275256162
per_seed_equal_domain_macro,ALL,ours,43,0.06339729556294871,0.12904566272909773,0.08123630713934858
per_seed_equal_domain_macro,ALL,baseline,44,0.06038602828812478,0.12425475002003622,0.0766868606662192
per_seed_equal_domain_macro,ALL,matched_random,44,0.0607615233419589,0.12445573930522967,0.07660550143313269
per_seed_equal_domain_macro,ALL,ours,44,0.06302973936389736,0.1282485807482003,0.08057373658766304
per_seed_equal_domain_macro,ALL,baseline,45,0.061008810023064554,0.12401536050810212,0.0768633715014154
per_seed_equal_domain_macro,ALL,matched_random,45,0.06078668208563606,0.123622033934452,0.07737194217147846
per_seed_equal_domain_macro,ALL,ours,45,0.06318201800193955,0.12943202213773425,0.08127081102335038
per_seed_equal_domain_macro,ALL,baseline,46,0.06038467903151648,0.12266627980439386,0.07615961401504436
per_seed_equal_domain_macro,ALL,matched_random,46,0.06030689849418183,0.12306587774555058,0.07620119692309114
per_seed_equal_domain_macro,ALL,ours,46,0.06312590490400205,0.1280144883149364,0.08079106306963162
